natural_key,source,account,value_date,booking_date,amount,currency,description,native_category,mcc
641a29f7a4c50641d076ba37b089944f98d9f5ac15543403ebc953cdf2910dfd,intesa,intesa,2025-01-01,2025-01-01,-850.00,EUR,BONIFICO SEPA A ROSSI IMMOBILIARE CANONE LOCAZIONE,,
453e34541a33baa1168fb70cfea3626d6b205cfcf31ea354f739ada2532920f1,intesa,intesa,2025-01-03,2025-01-03,-25.21,EUR,PAGAMENTO POS CARTA *4523 CARREFOUR MARKET MILANO,,
162a5c2931d3d50cef695a43017af2e90fb5278115dd43f0d1e38d75776085d1,revolut,revolut_personal_eur,2025-01-03,2025-01-03,-2.20,EUR,ATM Milano,Transport,
edd096db6d42dcf60917452426f36e1e18580e6f663813215dd074d51834f93e,intesa,intesa,2025-01-04,2025-01-04,-32.52,EUR,PAGAMENTO POS CARTA *4523 FARMACIA CENTRALE MILANO,,
d02890b9c590d5c8680bd8e59df13830b7e1e261d85979213d75d59f77c6733e,intesa,intesa,2025-01-04,2025-01-03,-400.00,EUR,BONIFICO EUROPEO SEPA DISPOSTO A FAVORE DI T.R. BANK GMBH BERLINO,,
3d8d8bbb8c8751bbda20fd1e03f521ab455396dcdbdc159b689789cc075549af,revolut,revolut_personal_eur,2025-01-04,2025-01-04,-22.06,EUR,Lidl,Groceries,
a4620697dc9e3da7087f98d6ac597b04f52a306cfeccd057772670a3bf199ac2,revolut,revolut_personal_eur,2025-01-04,2025-01-04,-34.39,EUR,Sushi Daily,Restaurants,
65ead759a735e589891e965de8d9d4625f6c473346dccfa56175360c0fee58b0,trade_republic,trade_republic,2025-01-04,2025-01-04,400.00,EUR,Bonifico Accredito bonifico da Mario Bianchi,,
edc9d18c5504960a7a13814d0f0ee4f4947f847c84c8910dbaeca7daf446b63e,intesa,intesa,2025-01-05,2025-01-05,-300.00,EUR,PAGAMENTO POS CARTA *4523 RICARICA CARTA DUBLINO IRL,,
7a4a232de6e6b9d27a68e363c204170037ee5dfc12ea0bfaaa4bb6e7a7402c04,revolut,revolut_personal_eur,2025-01-05,2025-01-05,-53.49,EUR,To Giulia Verdi,Transfers,
536329c4b16b6146733dcc97af281729572134756098c53e73e2f682a72b4224,revolut,revolut_personal_eur,2025-01-06,2025-01-06,300.00,EUR,Top-Up by *4523,Transfers,
d7e561b557c3ffb29380ad7f59c109b8d8576f55a0ad29e690c54edfd8cb6009,intesa,intesa,2025-01-07,2025-01-05,-24.69,EUR,PAGAMENTO POS CARTA *4523 LIDL MILANO VIA PADOVA,,
c0d23c33f0ab98ede53e014e31647ae1394c1bf1ca0ee295754141e2b58976e0,revolut,revolut_joint_eur,2025-01-07,2025-01-07,-42.76,EUR,Carrefour Express,Groceries,
e5589216503617a0dca9123dec4916051168014f8f88a7129b3aea1d6b78aad7,intesa,intesa,2025-01-10,2025-01-10,-24.13,EUR,PAGAMENTO POS CARTA *4523 AMAZON EU LUXEMBOURG,,
a127181652757c97158e5c94d204065e6762fd9b70f5c487a4662b72cbdd485e,intesa,intesa,2025-01-10,2025-01-10,-35.19,EUR,PAGAMENTO POS CARTA *4523 LIDL MILANO VIA PADOVA,,
3bfe01d26d77bad8e39e0e948ab65ee9f86128187ebb7435155f59ef7e42e568,revolut,revolut_joint_eur,2025-01-10,2025-01-10,-49.01,EUR,IKEA Carugate,Shopping,
c81e8c7beef2170cd5f70a68423459fd0298f24fc1132b6bfe52ffd91a60a6b7,intesa,intesa,2025-01-11,2025-01-11,-200.00,EUR,PRELIEVO CARTA DEBITO SU ATM MILANO VIA MANZONI,,
28ce9a4df5f2aa63bae9cf0d09a4fd6bce8d66f4d061701bf2447407c300811f,intesa,intesa,2025-01-12,2025-01-12,-49.71,EUR,PAGAMENTO POS CARTA *4523 PIZZERIA BELLA NAPOLI MILANO,,
10e5b26aa2a5fa4e297a34aa76bcfa509192cef9f1f8aee30839a02ba2896a76,revolut,revolut_personal_eur,2025-01-13,2025-01-13,-30.34,EUR,Penny Market,Groceries,
88af99383d9f35fed3311f9c87cf46e2adc6993e94691dd31e6c55834cddf337,revolut,revolut_personal_eur,2025-01-14,2025-01-14,-12.99,EUR,Netflix.com,Entertainment,
e134a894e2632fc66abafdd0ecb042ff03a4902282d3aeab3efa955872b95ef0,trade_republic,trade_republic,2025-01-15,2025-01-15,-200.00,EUR,Risparmio Acquisto ETF IE00B4L5Y983 Core MSCI World,,
21b8f3d38b50176c40e752403cde5f0f31423a910a01e33ba8295b18ec8e60c4,intesa,intesa,2025-01-16,2025-01-16,-29.90,EUR,ADDEBITO SDD TIM SPA TELEFONO FISSO E FIBRA,,
c6c7c6dce121d741e508838f482bd83a764f1f5811e57750c3f0017065e6d7f0,trade_republic,trade_republic,2025-01-19,2025-01-19,-48.10,EUR,Carta Amazon EU,,
f9ef1a30c9424afedbb9b2a256c20e6006eebeca571016b9eb4f74940c490f59,intesa,intesa,2025-01-20,2025-01-20,-44.36,EUR,PAGAMENTO POS CARTA *4523 Q8 MILANO V.LE MONZA,,
0e4efe522f8468d1c8a8633cb58577d0e194092ab8e0b67317312eecb0d09ed9,revolut,revolut_personal_eur,2025-01-20,2025-01-20,-10.99,EUR,Spotify,Entertainment,
1619b8879f9df538c2cf1906be70fb01846fdde7eccf775bb24fa2378bb08114,revolut,revolut_personal_eur,2025-01-20,2025-01-20,-2.20,EUR,Trenord,Transport,
e0105b05b0ac9a97f2c6a4026e4d8383dda025619e340aa89c0c5a35a28d0cbd,revolut,revolut_personal_eur,2025-01-24,2025-01-24,-2.20,EUR,ATM Milano,Transport,
16af5336744901fb17527bfe3c4b4d266cca2e8e20c0186ba8c7be9a058c1064,revolut,revolut_personal_eur,2025-01-25,2025-01-25,-25.00,EUR,Lidl,Groceries,
eb27811a7ae9af3b942cd0b236de5c7d5d07132a4099dcd5ea89499e94c0150a,revolut,revolut_personal_eur,2025-01-26,2025-01-26,-2.20,EUR,ATM Milano,Transport,
13b6c24ecfd16f495a8b837eaae8db41ef1ccdb18d4a51f85852fb363d941f55,intesa,intesa,2025-01-27,2025-01-27,2475.58,EUR,BONIFICO A VOSTRO FAVORE DA ACME SRL ACCREDITO EMOLUMENTI,,
1f416232b061a43b67b8dfc2691e53240bf6e5adb85e067437ea284c706cb7a5,revolut,revolut_savings_eur,2025-01-28,2025-01-28,1.24,EUR,Gross interest,Interest,
c7edc6ae6e1f5e3a707e09f3b833704febbb00b8158592399c12ec413f555d7e,trade_republic,trade_republic,2025-01-28,2025-01-28,1.54,EUR,Interessi Interessi maturati sulla liquidita,,
d8de55940857ace43adb51ac6dbcd194dcc56bf163310af52a2b0169f198a8b2,intesa,intesa,2025-02-01,2025-02-01,-850.00,EUR,BONIFICO SEPA A ROSSI IMMOBILIARE CANONE LOCAZIONE,,
e90d3d929a64d587a967eccdc3262892e17d421bdbc1a6bfd3ede82f79043c39,intesa,intesa,2025-02-04,2025-02-03,-400.00,EUR,BONIFICO EUROPEO SEPA DISPOSTO A FAVORE DI T.R. BANK GMBH BERLINO,,
ea36b84eb69b4b80bce9bc1cf3cb5b2ae1ed78c9e45380502b383dbf339fb27c,trade_republic,trade_republic,2025-02-04,2025-02-04,400.00,EUR,Bonifico Accredito bonifico da Mario Bianchi,,
c180feaccab19c7d880d94b35f24a7330550686971a3148493cd2f64603de230,intesa,intesa,2025-02-05,2025-02-05,-300.00,EUR,PAGAMENTO POS CARTA *4523 RICARICA CARTA DUBLINO IRL,,
d066c5c9ac25a66f340eb76d5d2f9a77aa0504d2207fad8db75e89e7178a9f3e,revolut,revolut_personal_eur,2025-02-06,2025-02-06,300.00,EUR,Top-Up by *4523,Transfers,
4ff57bde80439ae869aaa76d7f5e7688a4c2af1152255bf00573318bade0fb50,intesa,intesa,2025-02-07,2025-02-07,-45.89,EUR,PAGAMENTO POS CARTA *4523 ENI STATION MILANO EST,,
ee3b3f625a4d3d06942f819cb9a2fb9fb52da803175e4f9a0dc4bc45b5264e02,intesa,intesa,2025-02-10,2025-02-10,-200.00,EUR,PRELIEVO CARTA DEBITO SU ATM MILANO VIA MANZONI,,
e6394ddba01010e85e02edfa96ddd72104045bb16b08a57b2fb34fb66db5a1ef,revolut,revolut_personal_eur,2025-02-10,2025-02-10,-53.67,EUR,Bar Luce,Cafes,
9ece2b4e6a7f1f548e01c0e97cb43c12c0b8c89badbf0548cf0e1ad0888bea18,intesa,intesa,2025-02-12,2025-02-12,-61.54,EUR,ADDEBITO SDD ENEL ENERGIA SPA FORNITURA ENERGIA ELETTRICA,,
40b4f2d12e7c5640c472ec3bc7779d3a5a94390b48857e89ad56254ff36fa346,intesa,intesa,2025-02-13,2025-02-12,-38.62,EUR,PAGAMENTO POS CARTA *4523 ESSELUNGA MILANO,,
b39dd232ebd0f6eedccfb4f20d182271ebbc487981da22e9fdd6b6f8555bd1a0,revolut,revolut_personal_eur,2025-02-14,2025-02-14,-12.99,EUR,Netflix.com,Entertainment,
94292111af7282a6e53fdb288210d1982f3946632e0960e4c05408276e2eaf09,intesa,intesa,2025-02-15,2025-02-15,-15.80,EUR,PAGAMENTO POS CARTA *4523 FARMACIA CENTRALE MILANO,,
d64a69010a3f374810c869a61fc4d8eefa7b6162e3ba257e252fc81943c2d9fd,revolut,revolut_joint_eur,2025-02-15,2025-02-15,-26.86,EUR,Carrefour Express,Groceries,
f7189f841d0666499a5de3e8af1f6aa81c1e6180d53ccb6e637645d1c938c48c,revolut,revolut_personal_eur,2025-02-15,2025-02-15,-30.07,EUR,Carrefour Express,Groceries,
31cb11f12cac381ee8530257598dfda6d697e6b0d7935ddfc81251e6cd52cb6d,trade_republic,trade_republic,2025-02-15,2025-02-15,-200.00,EUR,Risparmio Acquisto ETF IE00B4L5Y983 Core MSCI World,,
96482ce87934aac7ad8b6a56e0a17ccbf757ddf834af2488299f8d8ce3cf66b2,intesa,intesa,2025-02-16,2025-02-16,-29.90,EUR,ADDEBITO SDD TIM SPA TELEFONO FISSO E FIBRA,,
1b7824b103f1b2e2e4349655f5d203fbc953848070c88e0452cd015ee7db6eb4,intesa,intesa,2025-02-20,2025-02-20,-34.37,EUR,PAGAMENTO POS CARTA *4523 ESSELUNGA MILANO,,
0fc3d041af3a99cb6bfea9bae0421c2ebe714ec850eb4051505d0d7b858ba1e7,revolut,revolut_personal_eur,2025-02-20,2025-02-20,-10.99,EUR,Spotify,Entertainment,
27a55a262a7cd4518642d51e2292e9a5e6d014311e32b5180c3c81b2b6492167,revolut,revolut_personal_eur,2025-02-21,2025-02-21,-54.82,EUR,Sushi Daily,Restaurants,
81e896f59b03095d8c2368ed44d644471b3ac0268de7eb694deedd789989fd5e,revolut,revolut_personal_eur,2025-02-22,2025-02-22,-13.92,EUR,Lidl,Groceries,
fa8130f5950b30550c622188cca62a83b86f49c61da5633ed3faec8364e7cf99,trade_republic,trade_republic,2025-02-22,2025-02-22,-64.76,EUR,Carta Amazon EU,,
ac7d43d0ebb1d3aab511479c1de1ca98195fbfadda58cfebc7d6e65b83ae4142,intesa,intesa,2025-02-23,2025-02-23,-48.56,EUR,PAGAMENTO POS CARTA *4523 PIZZERIA BELLA NAPOLI MILANO,,
f34024857d2ced25d1eb76151d83d9cc2cf6d33bb15d328b9d9a19be5eb29360,intesa,intesa,2025-02-23,2025-02-23,-52.68,EUR,PAGAMENTO POS CARTA *4523 ENI STATION MILANO EST,,
d3aed200519b94d70d76e8a61a37ef5885bd5056d799caf9ab38f2163639b078,revolut,revolut_personal_eur,2025-02-23,2025-02-23,-2.20,EUR,ATM Milano,Transport,
89ed04a5b3a2cb61d60e17c9cf5e415b1ee3312ffcc800afac4604ca6d6a0604,intesa,intesa,2025-02-24,2025-02-22,-34.91,EUR,PAGAMENTO POS CARTA *4523 CARREFOUR MARKET MILANO,,
3b7472a4a58b963d2bff2b74c1ddf9a427afbfa3d2e807b7542e2c06dcf54224,revolut,revolut_joint_eur,2025-02-25,2025-02-25,-80.69,EUR,Lidl,Groceries,
ace3d7fa1c4a21f2ad08a5f8e09f6ebcca55b552f8ec2a74718023de9b915e20,intesa,intesa,2025-02-26,2025-02-26,-15.68,EUR,PAGAMENTO POS CARTA *4523 AMAZON EU LUXEMBOURG,,
2ef67fff9db4e7115499f7d6e5bb8c71da41d5ff791355b104cb1183fe5085db,intesa,intesa,2025-02-26,2025-02-26,-35.64,EUR,PAGAMENTO POS CARTA *4523 CARREFOUR MARKET MILANO,,
974c3f3f7c22bd661f6281ac63524977f4946b6ca0be9fa86bb786f97e814a92,revolut,revolut_personal_eur,2025-02-26,2025-02-26,-2.20,EUR,Trenord,Transport,
44b83387c92379d6e9a265e9b0ca1e8d24221db48fcdfcfd9c7fb812d33cb955,intesa,intesa,2025-02-27,2025-02-27,2479.17,EUR,BONIFICO A VOSTRO FAVORE DA ACME SRL ACCREDITO EMOLUMENTI,,
af73a744ab60b44f9d68c7ae9c534c6526df500c9af391bcbf4d71e02fbf58dc,revolut,revolut_savings_eur,2025-02-28,2025-02-28,1.29,EUR,Gross interest,Interest,
737d280f8382b4e212a316a7cca406014f6c2e9b240e37d316381fc80c1f1612,trade_republic,trade_republic,2025-02-28,2025-02-28,1.85,EUR,Interessi Interessi maturati sulla liquidita,,
47ba02a8e930ecc8d121dd604798808c5bf7c74268b329d7f40cf9eaf95a0bdb,intesa,intesa,2025-03-01,2025-03-01,-850.00,EUR,BONIFICO SEPA A ROSSI IMMOBILIARE CANONE LOCAZIONE,,
513f478b2d12f5f833c2404312b1873ab40a2153f01e28c70293b49cd71ae039,intesa,intesa,2025-03-04,2025-03-03,-400.00,EUR,BONIFICO EUROPEO SEPA DISPOSTO A FAVORE DI T.R. BANK GMBH BERLINO,,
d8d3834b884f827bd41944a63f14d8c868e8e1e52b4ff78ffc171af37160d08f,intesa,intesa,2025-03-04,2025-03-04,-74.36,EUR,PAGAMENTO POS CARTA *4523 LIDL MILANO VIA PADOVA,,
0adacb7841917d3d923011d8054a7a59b5c9c50e26867a8ac55c46af86d78431,revolut,revolut_personal_eur,2025-03-04,2025-03-04,-53.68,EUR,To Giulia Verdi,Transfers,
7c4b7f57c55670876eb85bde74620997e93a1ccafd452bb13a3ad4c5167d9b21,trade_republic,trade_republic,2025-03-04,2025-03-04,400.00,EUR,Bonifico Accredito bonifico da Mario Bianchi,,
8168efc40d695544b5bcf8c5a23a31a92acb9c68742cbf501900aaa5bbaba3b4,intesa,intesa,2025-03-05,2025-03-05,-300.00,EUR,PAGAMENTO POS CARTA *4523 RICARICA CARTA DUBLINO IRL,,
1c7c08f28a55b64fda6a914953504722988f7ea144341e68db731ac4987d2ac7,revolut,revolut_personal_eur,2025-03-05,2025-03-05,-20.40,EUR,Sushi Daily,Restaurants,
2245e418d0ed38522a27b09a0b34dbd01dbd6fabe3f68ae76db61db175289089,trade_republic,trade_republic,2025-03-05,2025-03-05,-21.42,EUR,Carta Esselunga Milano,,
28a242250a5b127f9415de6a318300fc9b5301e52f24bfd79e8f74b71ec1c548,revolut,revolut_personal_eur,2025-03-06,2025-03-06,300.00,EUR,Top-Up by *4523,Transfers,
840f739145d062a09719e4be7db7f2a826a68a141dfe8374d0f1c2db4f1b00c2,intesa,intesa,2025-03-07,2025-03-07,-59.11,EUR,PAGAMENTO POS CARTA *4523 Q8 MILANO V.LE MONZA,,
cc02ebe0e3b6498f4898d64a7384cb3a799cfa718ce0c3bb388c704b953eb79a,revolut,revolut_personal_eur,2025-03-09,2025-03-09,-2.20,EUR,ATM Milano,Transport,
0e9cd8c76482fbb7731e6217b00d474a5229fb8e925f159a6c6f00e57ad73b67,revolut,revolut_personal_eur,2025-03-09,2025-03-09,-36.07,EUR,Bar Luce,Cafes,
5cfcd3b99b425c7b9bc141010d81ec31702048244a94d2600c6da618ecac0bb8,trade_republic,trade_republic,2025-03-09,2025-03-09,-501.00,EUR,Acquisto Acquisto ETF IE00B3RBWM25 FTSE All-World,,
c7a5aa4d7e70ff7f4cec0c18f05654157bdfc24d37358c09f662a1186eaed52b,revolut,revolut_joint_eur,2025-03-10,2025-03-10,-65.17,EUR,Penny Market,Groceries,
1ca5ce58601959e114e8f85f59e299efdec7a4fa1fa69c7bd86f53dbadbab221,intesa,intesa,2025-03-11,2025-03-11,-22.46,EUR,PAGAMENTO POS CARTA *4523 CARREFOUR MARKET MILANO,,
c46504afb78f9a1a06f44b587b83443c4b36c6ee7002c344d705a25dc10d9f2d,revolut,revolut_personal_eur,2025-03-11,2025-03-11,-22.76,EUR,Carrefour Express,Groceries,
df730519bb0f929037d40a974db7cc5c58b986e449131e43aa7206927b6631df,revolut,revolut_personal_eur,2025-03-12,2025-03-12,-9.97,EUR,Pizzeria Spontini,Restaurants,
7916b08a0f804d9a686f84dfb40a77a8c398e040b79451154666e6ee5fe5bc88,intesa,intesa,2025-03-13,2025-03-12,-19.50,EUR,PAGAMENTO POS CARTA *4523 LIDL MILANO VIA PADOVA,,
7b199715fedab5b0349655f0ba82ceb2ea01a6fc5ae70d811213d25b56b6a1ad,intesa,intesa,2025-03-14,2025-03-14,-1.20,EUR,PAGAMENTO POS CARTA *4523 BAR CENTRALE MILANO,,
b3d26e3bb9e78e7ad8e4dac2d31868b98a0c6e5eba297e9e3c7d1b0b3dec5aef,intesa,intesa,2025-03-14,2025-03-14,-1.20,EUR,PAGAMENTO POS CARTA *4523 BAR CENTRALE MILANO,,
79b7b7ac7b9d33f98d690ed91499c3355ff860d3d90afea55db2b2e03f03fdb3,revolut,revolut_personal_eur,2025-03-14,2025-03-14,-12.99,EUR,Netflix.com,Entertainment,
2fcf2a367906c7da58a91dda05db5c717364b626fdd5d21cf99b242c58a61e13,trade_republic,trade_republic,2025-03-15,2025-03-15,-200.00,EUR,Risparmio Acquisto ETF IE00B4L5Y983 Core MSCI World,,
0aabccb0a0e31dcbbbc98b556c0e809dcb63d0fa8502f19cc269609c794be92e,intesa,intesa,2025-03-16,2025-03-16,-29.90,EUR,ADDEBITO SDD TIM SPA TELEFONO FISSO E FIBRA,,
1ced7bb979d5f88267d04e0eb9c59eef9bce909e92084cad91b75f59a3b17400,intesa,intesa,2025-03-19,2025-03-19,-100.00,EUR,PRELIEVO CARTA DEBITO SU ATM MILANO VIA MANZONI,,
6f45d0f9caecaced80cd5b9f344a12aa72899c1eb9086008b2d0efde0d925a6e,revolut,revolut_joint_eur,2025-03-19,2025-03-19,-24.92,EUR,Penny Market,Groceries,
246d7b6136221794e7b0f4b8bf8b4a396862da9cb0e848f8b2951f6cf5b5ea67,intesa,intesa,2025-03-20,2025-03-20,-36.05,EUR,PAGAMENTO POS CARTA *4523 FARMACIA CENTRALE MILANO,,
cf9e6703f0f9171b7fbb7a395c80a442df363fe4394ff9be62b75d0ee549b818,revolut,revolut_personal_eur,2025-03-20,2025-03-20,-10.99,EUR,Spotify,Entertainment,
1dc6e88e875cbd5469fdcb63c779c1b166a2ab2b1a719d188edf63af63796eeb,intesa,intesa,2025-03-21,2025-03-21,-29.77,EUR,PAGAMENTO POS CARTA *4523 LIDL MILANO VIA PADOVA,,
687cce4a6b97fd5915123e4b8d6b85b980eb1e65dd766155df68d96bd1621c28,intesa,intesa,2025-03-21,2025-03-19,-88.72,EUR,PAGAMENTO POS CARTA *4523 ESSELUNGA MILANO,,
889907ed8ee258e864803c38b4616035fe5c1d7342898eff73ea1a0a261504dd,revolut,revolut_personal_eur,2025-03-22,2025-03-22,-21.82,EUR,Carrefour Express,Groceries,
c9aa1891dbb3afb058584cbde05fc9840e554b52d239fd2b24c97dd38109a6df,revolut,revolut_personal_eur,2025-03-24,2025-03-24,-2.20,EUR,ATM Milano,Transport,
2b642a9a46fdc1972f40c7885f3550e65ba7030ff918e1e104488b480dfa0b0e,intesa,intesa,2025-03-27,2025-03-27,2461.94,EUR,BONIFICO A VOSTRO FAVORE DA ACME SRL ACCREDITO EMOLUMENTI,,
1cc17648940e38c263bde580429f2e779d1a7505daab9a80d409586af249f488,trade_republic,trade_republic,2025-03-27,2025-03-27,-57.08,EUR,Carta REWE Berlin,,
dda276c23231de61a675acba69b7c86ed1936b2daa48c332e899596f59c59464,revolut,revolut_savings_eur,2025-03-28,2025-03-28,1.89,EUR,Gross interest,Interest,
276ce2a0c9724812994c2adab8dbf3950a03cc6aee0675d8da320efe2f575b20,trade_republic,trade_republic,2025-03-28,2025-03-28,1.95,EUR,Interessi Interessi maturati sulla liquidita,,
fe2fc927ae5df5ef550bf3ab64f72ae27fa56ce8602244a8d194512566aaf378,intesa,intesa,2025-04-01,2025-04-01,-850.00,EUR,BONIFICO SEPA A ROSSI IMMOBILIARE CANONE LOCAZIONE,,
e45ebb61f12e2167237e97cd7ddcd09fce90a516960e8b6be9962ab83354ee95,revolut,revolut_personal_eur,2025-04-02,2025-04-02,-54.32,EUR,Sushi Daily,Restaurants,
6c99a703cabede04b87020599bd88907223980557d77dead0a726a8b2aae8265,revolut,revolut_joint_eur,2025-04-03,2025-04-03,-18.76,EUR,Carrefour Express,Groceries,
cb9d77f3e4ddff424ac8b32db67450d0a3e7805df26f0b1148265079797d0484,intesa,intesa,2025-04-04,2025-04-03,-400.00,EUR,BONIFICO EUROPEO SEPA DISPOSTO A FAVORE DI T.R. BANK GMBH BERLINO,,
86dbf6b4b1cd5cfb2f835b2319d46dd37f52782b81a194ced9dfd6c8bf42aff6,trade_republic,trade_republic,2025-04-04,2025-04-04,-14.11,EUR,Carta REWE Berlin,,
d96a965e5860e8e5aee4d97286fbdee990dfbafe94efd7cb5e87eaf6dc447a6a,trade_republic,trade_republic,2025-04-04,2025-04-04,400.00,EUR,Bonifico Accredito bonifico da Mario Bianchi,,
3dcd885b17a6ccb558bc4e0492b8b38340cf92dc8780848e7ddc5bf1ffbe7795,intesa,intesa,2025-04-05,2025-04-05,-300.00,EUR,PAGAMENTO POS CARTA *4523 RICARICA CARTA DUBLINO IRL,,
14df2fe7643a91b09705f50efd41007aabbe3f0ad0363fb806fae29028175c38,intesa,intesa,2025-04-05,2025-04-05,-32.75,EUR,PAGAMENTO POS CARTA *4523 CARREFOUR MARKET MILANO,,
dbad195e9ff5d97f0a3581baeb3fe8c22c2accdd0edf715334f19759a06bde82,intesa,intesa,2025-04-05,2025-04-05,-49.00,EUR,PAGAMENTO POS CARTA *4523 LIDL MILANO VIA PADOVA,,
ed2c831752bac9c9f6606378ec57fbdd5ea9cbb6c59bc1ebdbe6ea8725b52c86,intesa,intesa,2025-04-06,2025-04-06,-100.00,EUR,PRELIEVO CARTA DEBITO SU ATM MILANO VIA MANZONI,,
0641de0c1040a4159ca569793fda59660071bdda5ccf4e916d5ea76a66453dbe,revolut,revolut_personal_eur,2025-04-06,2025-04-06,-2.20,EUR,Trenord,Transport,
d85834f1e6f05614d936cb4ed1fcc90e65e210bb1de672557302843bfa526381,revolut,revolut_personal_eur,2025-04-06,2025-04-06,300.00,EUR,Top-Up by *4523,Transfers,
3481500c228f52e17ab29bd32055430564c8f936e68abc8cb543fc4a421f23e7,revolut,revolut_personal_eur,2025-04-09,2025-04-09,-58.59,EUR,To Giulia Verdi,Transfers,
f334125d4e328b5ea1023ed21542d5df1a789acd1d6f9df234f95c555550ba72,intesa,intesa,2025-04-10,2025-04-10,-65.98,EUR,PAGAMENTO POS CARTA *4523 ENI STATION MILANO EST,,
926c56815707e0b4f8e305d703174eb78478f6d423552353854d5d1a5b2fe573,revolut,revolut_personal_eur,2025-04-11,2025-04-11,-2.20,EUR,Trenord,Transport,
28b610805d9223b0b80a88538dd542cc1fb05b867e18804e5090656038306b32,intesa,intesa,2025-04-12,2025-04-12,-69.17,EUR,ADDEBITO SDD ENEL ENERGIA SPA FORNITURA ENERGIA ELETTRICA,,
c4f8a339305bc7564af2d01e5ca5448e1a9fde810abcf2517d165a50301c318c,revolut,revolut_personal_eur,2025-04-14,2025-04-14,-12.99,EUR,Netflix.com,Entertainment,
7035f97cf1277d19f690853ecd29021d882ceae12bdd2f0b864328538a82831e,revolut,revolut_personal_eur,2025-04-14,2025-04-14,-41.39,EUR,Lidl,Groceries,
0ccdc03751453755f6634fbcf326fc686085299d5b95d5430b8a19e71d94a96c,revolut,revolut_personal_eur,2025-04-15,2025-04-15,-25.97,EUR,Lidl,Groceries,
7fd4278c3ba60fc0d8a0c787365a44422ae883dd8e85acf05fc77ff91b590e37,trade_republic,trade_republic,2025-04-15,2025-04-15,-200.00,EUR,Risparmio Acquisto ETF IE00B4L5Y983 Core MSCI World,,
4655b9b3a370557d91de3186d151da536cc0537621f602623c1ff106e0c6abba,intesa,intesa,2025-04-16,2025-04-16,-29.90,EUR,ADDEBITO SDD TIM SPA TELEFONO FISSO E FIBRA,,
18efd04cbbcbc1fb9f10e28c83ade2cf3c5caa46c3e8be3c63846abe37b60738,intesa,intesa,2025-04-16,2025-04-16,-50.48,EUR,PAGAMENTO POS CARTA *4523 LIDL MILANO VIA PADOVA,,
91caa3ca893f99f9fede296fae9e87244c1c9d324ed0ed326012c8a3f2bf2cf9,intesa,intesa,2025-04-17,2025-04-17,-63.86,EUR,PAGAMENTO POS CARTA *4523 Q8 MILANO V.LE MONZA,,
5878f962b097f0b6902df77ef82fac9e5b571411b06f0d2624417558cb0cbee9,revolut,revolut_joint_eur,2025-04-18,2025-04-18,-83.95,EUR,IKEA Carugate,Shopping,
e68a1cb8f4d34ed4a394de7c6e8e3d9e542b621fd32ca5336f66810df7a4007d,revolut,revolut_personal_eur,2025-04-20,2025-04-20,-10.99,EUR,Spotify,Entertainment,
be62283ba30c368848fc5394a3a470598b590849334dbb5df00d972457f69a4d,intesa,intesa,2025-04-24,2025-04-24,-39.98,EUR,PAGAMENTO POS CARTA *4523 FARMACIA CENTRALE MILANO,,
1d5593560812a3b925200e3d86dab1a262af67f267f1b1128ec35225f581992f,revolut,revolut_personal_eur,2025-04-24,2025-04-24,-2.20,EUR,Trenord,Transport,
f0e19cdec2b7ddaf4378e535cf762fdaffb0d3ad3cbad111ff27e8f599394709,intesa,intesa,2025-04-25,2025-04-25,-69.85,EUR,PAGAMENTO POS CARTA *4523 CARREFOUR MARKET MILANO,,
6909ca815ecc42b564f55a9eedffc6db7ea150c671294af8ccabe4db18b9b3f7,intesa,intesa,2025-04-27,2025-04-27,2476.36,EUR,BONIFICO A VOSTRO FAVORE DA ACME SRL ACCREDITO EMOLUMENTI,,
49e8daa26aa2612c8c8b0919a8682cdf674729539f166838b7fe668f132b082d,revolut,revolut_savings_eur,2025-04-28,2025-04-28,1.53,EUR,Gross interest,Interest,
0143aa8450d04b9cc6b99f2bab1b42f794ff70f7d3a598e3dcf176a9f372a581,trade_republic,trade_republic,2025-04-28,2025-04-28,1.26,EUR,Interessi Interessi maturati sulla liquidita,,
e269cc186b08b4b56a12105fbb208cfc55cd91b302c2b57c0c966feca201f2e1,intesa,intesa,2025-05-01,2025-05-01,-850.00,EUR,BONIFICO SEPA A ROSSI IMMOBILIARE CANONE LOCAZIONE,,
60b3a0f8da95bd123e4e71186d6cab44bc362bc374779b30e21c39507ab4f7c7,intesa,intesa,2025-05-04,2025-05-03,-400.00,EUR,BONIFICO EUROPEO SEPA DISPOSTO A FAVORE DI T.R. BANK GMBH BERLINO,,
4adf9cbc174154f1f69a3f66958c0e55b1a0b62aeea0830921b8a66ba0db43fe,trade_republic,trade_republic,2025-05-04,2025-05-04,400.00,EUR,Bonifico Accredito bonifico da Mario Bianchi,,
88d58f547567b218f48641980f219fdf0fe1a30dd81fdd49b6622d7796861bb9,intesa,intesa,2025-05-05,2025-05-03,-24.31,EUR,PAGAMENTO POS CARTA *4523 LIDL MILANO VIA PADOVA,,
0a558731a6d93e7ed7b6c067f2bd9a5a05a6257a04b8463b4745932dd3c3af39,intesa,intesa,2025-05-05,2025-05-05,-300.00,EUR,PAGAMENTO POS CARTA *4523 RICARICA CARTA DUBLINO IRL,,
f1ffcf4beaa7e1eca2da9f7db8271a55ca49335be286cf73c3638c3c1f5fbfed,revolut,revolut_personal_eur,2025-05-06,2025-05-06,-2.20,EUR,ATM Milano,Transport,
9e573a403ca7b271218df4da8ed48c7d478f82ae570443fd48a4d462f1fdeecd,revolut,revolut_personal_eur,2025-05-06,2025-05-06,-48.41,EUR,To Giulia Verdi,Transfers,
e41a38ce79aeac2027aef87795668adc44ac40e7fd3f9b64631d2806ac428866,revolut,revolut_personal_eur,2025-05-06,2025-05-06,300.00,EUR,Top-Up by *4523,Transfers,
c7a29e2a28d4683ef4ef07b0cf199edb07dca381f31465118a9010d6b3be1807,intesa,intesa,2025-05-07,2025-05-05,-36.96,EUR,PAGAMENTO POS CARTA *4523 CARREFOUR MARKET MILANO,,
c309e2869323ad6567f01ac6c7f7df2945ab0bb27764bd426a0c233e128bdf46,intesa,intesa,2025-05-08,2025-05-08,-100.00,EUR,PRELIEVO CARTA DEBITO SU ATM MILANO VIA MANZONI,,
092947d03bf3b70ac1a3658b336584864386a55bfcc73594774fc82a9bfacc6d,revolut,revolut_joint_eur,2025-05-08,2025-05-08,-66.56,EUR,Carrefour Express,Groceries,
7311de20f20617640063ea00a79c50e813bc183d35c9850a9ec0da4b8d6d997c,revolut,revolut_personal_eur,2025-05-08,2025-05-08,-26.72,EUR,Carrefour Express,Groceries,
328ff721fb880d85514c6f401289f6921b88a40dde91e4c85d0de48419aca27c,intesa,intesa,2025-05-11,2025-05-11,-50.67,EUR,PAGAMENTO POS CARTA *4523 Q8 MILANO V.LE MONZA,,
34d7a98081d00e347528262a8abf14b35624af3d13ae13e5c3fc8e79192ce559,revolut,revolut_joint_eur,2025-05-11,2025-05-11,-60.36,EUR,Carrefour Express,Groceries,
6317afd5a485a7ed47f3420368e6719f800c1b70454973683dba5ebab3139ea1,revolut,revolut_personal_eur,2025-05-11,2025-05-11,-16.26,EUR,Sushi Daily,Restaurants,
4e85b9eed572ead9af0ab03b5ec1351f65677d5f7dca259f899427d3523b5a74,trade_republic,trade_republic,2025-05-12,2025-05-12,-12.65,EUR,Carta Esselunga Milano,,
e40beac594dc8135e96d19c52a55c336b0e463bab15b597230c2cf328451d6db,revolut,revolut_personal_eur,2025-05-13,2025-05-13,-40.59,EUR,Lidl,Groceries,
b62324e4bc189ece31974603f0ad4ebf2784262f53009241f6c06b4d33412b1a,revolut,revolut_personal_eur,2025-05-14,2025-05-14,-12.99,EUR,Netflix.com,Entertainment,
de23c2d80b16472d9bcf079d0f2b2f9e3dd5d82bb87c7caa9c5df6580ae8c4c2,trade_republic,trade_republic,2025-05-15,2025-05-15,-15.54,EUR,Carta REWE Berlin,,
be510e83d957305ff090737cf9d18ab8c14bc42193fe100b130a14b9f2fa7733,trade_republic,trade_republic,2025-05-15,2025-05-15,-200.00,EUR,Risparmio Acquisto ETF IE00B4L5Y983 Core MSCI World,,
6d6ab98a62affafe8927d0122ec7ac9a0078c42c11a99b4ecc28baf497ed5f26,intesa,intesa,2025-05-16,2025-05-16,-29.90,EUR,ADDEBITO SDD TIM SPA TELEFONO FISSO E FIBRA,,
df25e215e8c433330bd68bd4694a61a0a2471abf557052bcfda52dd11a8430fc,intesa,intesa,2025-05-19,2025-05-19,-42.39,EUR,PAGAMENTO POS CARTA *4523 PIZZERIA BELLA NAPOLI MILANO,,
3868141a59b7504caad6603e3d997e0a9a3e9d19e9c0ab2825c70eec7f7ec755,intesa,intesa,2025-05-20,2025-05-20,-89.70,EUR,PAGAMENTO POS CARTA *4523 AMAZON EU LUXEMBOURG,,
8bedccce672cc7088fd467c2dd6593e5d4b114fa4b6ad783c41ea8f18965b0da,revolut,revolut_personal_eur,2025-05-20,2025-05-20,-10.99,EUR,Spotify,Entertainment,
abda1bb33431ebca8338c1c1005a1546a057886c5092d3a8fa3d451bac6d5461,revolut,revolut_personal_eur,2025-05-21,2025-05-21,-2.20,EUR,Trenord,Transport,
9ddc62ecdaba93d29bfeb242deecfc168e7294e9b2e9190b7c0c9d89ded92aed,intesa,intesa,2025-05-22,2025-05-20,-58.25,EUR,PAGAMENTO POS CARTA *4523 LIDL MILANO VIA PADOVA,,
021af13e08c4bf3b569eef0a5ea005fce1063645dacf74c52715b684f64199df,revolut,revolut_personal_eur,2025-05-23,2025-05-23,-2.20,EUR,ATM Milano,Transport,
1fab0e8fae0fc01ffb082c7aa2318daa227da8a95301d2afbb872ea3366dc61a,revolut,revolut_personal_eur,2025-05-23,2025-05-23,-2.20,EUR,Trenord,Transport,
429da31846a72ff83c7b223fc30dad996d88ce443c360c9c41a64e0b76996cb9,intesa,intesa,2025-05-24,2025-05-24,-60.92,EUR,PAGAMENTO POS CARTA *4523 Q8 MILANO V.LE MONZA,,
5e6330ff2214720e523dc11248fb6365e839d9706dc5b93c35172622f42a4c6d,intesa,intesa,2025-05-27,2025-05-27,2477.01,EUR,BONIFICO A VOSTRO FAVORE DA ACME SRL ACCREDITO EMOLUMENTI,,
70f881deddb67db5a10d0e2ed7a3e16bb8d16c8cb8b7848d1dd25217f7211a86,revolut,revolut_savings_eur,2025-05-28,2025-05-28,1.82,EUR,Gross interest,Interest,
7b023ae56eee391917df45d200afc399d01e1319b1ac364a0d677db0bee0ea9f,trade_republic,trade_republic,2025-05-28,2025-05-28,1.86,EUR,Interessi Interessi maturati sulla liquidita,,
07f0dd0b390ee5ef02e8ea0a9b6e08899d8445bbc3e575bebdd918e9a6eaafb2,intesa,intesa,2025-06-01,2025-06-01,-850.00,EUR,BONIFICO SEPA A ROSSI IMMOBILIARE CANONE LOCAZIONE,,
c30d894e13fca02183f1f4c5662ab87bb3febd02288f70eedb76cf82de8d0cb0,revolut,revolut_personal_eur,2025-06-02,2025-06-02,-17.25,EUR,Sushi Daily,Restaurants,
3ec1abef37b9463db6c5bb3a54319f3ce07540fb7d9eee40cf577ed79e0bb418,intesa,intesa,2025-06-04,2025-06-03,-400.00,EUR,BONIFICO EUROPEO SEPA DISPOSTO A FAVORE DI T.R. BANK GMBH BERLINO,,
62926f008ac406525f12c7704a4bb8d42001c7e156a63af1cb7157688ccdcb5d,trade_republic,trade_republic,2025-06-04,2025-06-04,400.00,EUR,Bonifico Accredito bonifico da Mario Bianchi,,
149062c84f45b8adf96613ee2117ec2affcb9e4b14d1bf496ca959919f7b0549,intesa,intesa,2025-06-05,2025-06-05,-300.00,EUR,PAGAMENTO POS CARTA *4523 RICARICA CARTA DUBLINO IRL,,
dd46554261993f6a4c80e84eaf51453eb1027b4e40caae39135af19d97e187e5,revolut,revolut_personal_eur,2025-06-06,2025-06-06,-42.25,EUR,Carrefour Express,Groceries,
45f6f8e6965baeae7447a8d74b0d7c47e9231e319bce61fda1a3d1db209a7217,revolut,revolut_personal_eur,2025-06-06,2025-06-06,300.00,EUR,Top-Up by *4523,Transfers,
f2631b9df8c5b948cc24f3966d0268d23e337efcffb531956baa802b77cb4176,intesa,intesa,2025-06-07,2025-06-07,-150.00,EUR,PRELIEVO CARTA DEBITO SU ATM MILANO VIA MANZONI,,
e4482263da4b23bab1ca825abdcd7e6b1163fb5650f90cb11e771b720125e681,revolut,revolut_personal_eur,2025-06-07,2025-06-07,-44.12,EUR,Lidl,Groceries,
7931cf932988cd95dbb8e5ce0d940a4d3896719772ae154f0f955e610e299e86,intesa,intesa,2025-06-08,2025-06-06,-20.77,EUR,PAGAMENTO POS CARTA *4523 LIDL MILANO VIA PADOVA,,
de199cf4329eac6d8b152d2d467ac7bccdba02905cc5afe70cd0fdd8d4128719,intesa,intesa,2025-06-09,2025-06-09,-64.02,EUR,PAGAMENTO POS CARTA *4523 AMAZON EU LUXEMBOURG,,
a48d0990f16c4ce5211a885808ab4faa163b0e7b04418792db52b61617941a68,revolut,revolut_joint_eur,2025-06-09,2025-06-09,-16.77,EUR,Penny Market,Groceries,
8ac3bf97e925b8bdfeb7b43dc4ebaeeb3fb13ba04b4eb1e3f8e1f4754e03f01d,trade_republic,trade_republic,2025-06-09,2025-06-09,-501.00,EUR,Acquisto Acquisto ETF IE00B3RBWM25 FTSE All-World,,
cb484b81f94f2deb19f067fab044c599d6afa15e15053767df16edc37567cd0f,revolut,revolut_personal_eur,2025-06-10,2025-06-10,-2.20,EUR,ATM Milano,Transport,
37ed68820264554017c94881f1fc962b4f7b8c5a8cbb58d91baf7a263556196d,intesa,intesa,2025-06-12,2025-06-12,-49.67,EUR,PAGAMENTO POS CARTA *4523 Q8 MILANO V.LE MONZA,,
27d022083c656db00637d8adcdf99ff4639e3f02f26c905b231f55a57954bed3,intesa,intesa,2025-06-12,2025-06-12,-80.48,EUR,ADDEBITO SDD ENEL ENERGIA SPA FORNITURA ENERGIA ELETTRICA,,
5c6fb7f46371e05f7ae3c0508b969e908000a7af87ebabd9057bf5bac440af92,revolut,revolut_joint_eur,2025-06-13,2025-06-13,-37.89,EUR,IKEA Carugate,Shopping,
cde65886094e0e84f91e27083ba9479584dcb522e37c585ae76e0d1a607d8ea7,revolut,revolut_personal_eur,2025-06-14,2025-06-14,-12.99,EUR,Netflix.com,Entertainment,
0b25cd82301505da452cc751a356a427b830404530610169a57171ac3a0aed33,revolut,revolut_personal_eur,2025-06-15,2025-06-15,-44.03,EUR,Carrefour Express,Groceries,
c14d1d144bbe55adb2893838c1416b6b8c5946b7486daa802e68cfcdcdc60a46,trade_republic,trade_republic,2025-06-15,2025-06-15,-200.00,EUR,Risparmio Acquisto ETF IE00B4L5Y983 Core MSCI World,,
58ec0e23984c9e9e26e50c676b254999f60d104d8ba2b4cb259382e40a9bf560,intesa,intesa,2025-06-16,2025-06-16,-29.90,EUR,ADDEBITO SDD TIM SPA TELEFONO FISSO E FIBRA,,
54faabb6ed7d8a4d6e08362186677410bc75f69bd47d2c40d04090fb8b8ea7e9,revolut,revolut_joint_eur,2025-06-17,2025-06-17,-31.68,EUR,Lidl,Groceries,
4293f623b8c7f4d52d5614e7554e619d7bc5d93014d463171ea4b5cfd50ca3fe,trade_republic,trade_republic,2025-06-18,2025-06-18,-31.07,EUR,Carta Esselunga Milano,,
a9b5a589004a68e937095d56fa5248a7d22ef1aae412c4a6c5b7de89cbf08e08,intesa,intesa,2025-06-19,2025-06-19,-26.61,EUR,PAGAMENTO POS CARTA *4523 CARREFOUR MARKET MILANO,,
a27a4772204434704b740f1e32b6d62c5744a3ae64284e10d6991403cf053bd2,revolut,revolut_personal_eur,2025-06-20,2025-06-20,-10.99,EUR,Spotify,Entertainment,
0be5286f6963c0be3bd4c76ea83394cce58595dde802b14ed3b9aa8e86df273a,intesa,intesa,2025-06-22,2025-06-20,-29.40,EUR,PAGAMENTO POS CARTA *4523 CARREFOUR MARKET MILANO,,
480c35a95f380b10b2680b53ba5731005a95f117f591950ca24b49f7825b704d,intesa,intesa,2025-06-26,2025-06-25,-60.48,EUR,PAGAMENTO POS CARTA *4523 ESSELUNGA MILANO,,
173f94d69e4918766f3fb91f352ce7fd34e7d6fe7e2c306dc609ab84c3fed7fc,intesa,intesa,2025-06-27,2025-06-27,2480.84,EUR,BONIFICO A VOSTRO FAVORE DA ACME SRL ACCREDITO EMOLUMENTI,,
f972c9c5a2bf2ec048ffd90bfcb50ad977248cedc8929d9e2ad1283acacbfddd,revolut,revolut_personal_eur,2025-06-27,2025-06-27,-2.20,EUR,Trenord,Transport,
830d474fdfc1fed847b6f1b6a5d01c6665fff46a6509e805b32ba310b075fcd1,revolut,revolut_personal_eur,2025-06-27,2025-06-27,-2.20,EUR,ATM Milano,Transport,
db7351f0dbf63f779191ab5c43e4395b898ccd80300ae3437a4def49d5a484ad,revolut,revolut_savings_eur,2025-06-28,2025-06-28,1.22,EUR,Gross interest,Interest,
7ec99b4a0abe2fe6dfca88d9b41644b4f1760bd9b5cb55b205ec94e034815b85,trade_republic,trade_republic,2025-06-28,2025-06-28,1.62,EUR,Interessi Interessi maturati sulla liquidita,,
267a6f48d55a0c6788e4c1d8196373a17654ca950e11278ce36c94b9002d2e85,intesa,intesa,2025-07-01,2025-07-01,-850.00,EUR,BONIFICO SEPA A ROSSI IMMOBILIARE CANONE LOCAZIONE,,
9503107168658440c0da76a2e58a4b1372a4d365e457ea1458b03faaa5ed5342,intesa,intesa,2025-07-02,2025-07-02,-85.53,EUR,PAGAMENTO POS CARTA *4523 CARREFOUR MARKET MILANO,,
2817b19d24bc99f24aeb152ea789fcb860ab8e478efcb5d6c0caadbdfd1882e4,intesa,intesa,2025-07-03,2025-07-03,-63.94,EUR,PAGAMENTO POS CARTA *4523 CARREFOUR MARKET MILANO,,
0a5819aa1ab80068adf44bcdbd4d53bf5823458e5f17bf961067fcb6c4a080d7,intesa,intesa,2025-07-04,2025-07-03,-400.00,EUR,BONIFICO EUROPEO SEPA DISPOSTO A FAVORE DI T.R. BANK GMBH BERLINO,,
72e8c916db6f3f26fd79ca6299df37b2256de62b4c46de0efd7fe4fac7de3888,intesa,intesa,2025-07-04,2025-07-04,-60.68,EUR,PAGAMENTO POS CARTA *4523 ENI STATION MILANO EST,,
ee350e100a61771a1a5246ca1b55de624e61cdc19af5f8274b4b1c1371a03d20,trade_republic,trade_republic,2025-07-04,2025-07-04,400.00,EUR,Bonifico Accredito bonifico da Mario Bianchi,,
2189496dbe413cda8b640dee6038521a1c98a526d71f6d7ae8160b8675fe0652,intesa,intesa,2025-07-05,2025-07-05,-300.00,EUR,PAGAMENTO POS CARTA *4523 RICARICA CARTA DUBLINO IRL,,
bd2bf8ae1684f27049fef0f55482ada2ee1b24dfb88fb029fcf5e206b01b1c6e,intesa,intesa,2025-07-05,2025-07-05,-68.14,EUR,PAGAMENTO POS CARTA *4523 AMAZON EU LUXEMBOURG,,
51b7219d4df11794ad041018a3c37f2517d5edf2c54d683900a3cd965b44a8d1,intesa,intesa,2025-07-06,2025-07-05,-87.26,EUR,PAGAMENTO POS CARTA *4523 LIDL MILANO VIA PADOVA,,
9e82624241ee47d0148302d9cf1d1ecc83090090a9a195410dd9a255ff8d1110,revolut,revolut_personal_eur,2025-07-06,2025-07-06,-15.10,EUR,Carrefour Express,Groceries,
834d6575c8e433826cc23735480a47401b47825b20050ff4d32a08dce87aaa11,revolut,revolut_personal_eur,2025-07-06,2025-07-06,300.00,EUR,Top-Up by *4523,Transfers,
d9e25d9dbd9e8691515b9037b99089580ee7a3faa8b6e835d28440aa32bf3f99,revolut,revolut_personal_eur,2025-07-08,2025-07-08,-2.20,EUR,Trenord,Transport,
c7eb78a3894d1ca1a5eb2a31f4d8bcb92f183e1c6b576a77a8cb8a4c04aa2ce3,intesa,intesa,2025-07-09,2025-07-07,-92.12,EUR,PAGAMENTO POS CARTA *4523 CARREFOUR MARKET MILANO,,
1fc6078cce72fda443d17b0cd245e67357adc7277f9e7865aa6541cf21d649ee,trade_republic,trade_republic,2025-07-09,2025-07-09,-50.37,EUR,Carta REWE Berlin,,
16d50e99b7c9e58727d2ba316150531daba7e55a30c73d0e6e6c996ab07807e6,revolut,revolut_personal_eur,2025-07-11,2025-07-11,-32.68,EUR,Carrefour Express,Groceries,
5dd718182be6b36e2be270eaf639579cf65ed2ac19c1299cedeca99676efbb82,revolut,revolut_personal_eur,2025-07-14,2025-07-14,-12.99,EUR,Netflix.com,Entertainment,
cfaf1c78503c9d243577fc75b07deca56db18fe6f4b5cadfcb20c9e2e9dde539,revolut,revolut_personal_eur,2025-07-14,2025-07-14,-33.80,EUR,Penny Market,Groceries,
7dd3f2ab182aac5090279e725493441c1b31ab36c38892ac6e5d4c64fe55a0a8,trade_republic,trade_republic,2025-07-15,2025-07-15,-200.00,EUR,Risparmio Acquisto ETF IE00B4L5Y983 Core MSCI World,,
a1d78d46d853f69cbbb12daa60edec9c456e64cc83b75bd26f86e8b2d38ec550,intesa,intesa,2025-07-16,2025-07-16,-200.00,EUR,PRELIEVO CARTA DEBITO SU ATM MILANO VIA MANZONI,,
9acf9fac0d87c30ed03fbad980dd641dde4c81f296b8e4bd37dfae5c29801bd1,intesa,intesa,2025-07-16,2025-07-16,-29.90,EUR,ADDEBITO SDD TIM SPA TELEFONO FISSO E FIBRA,,
be2c61f4442704e3d890b7da624ced317014305ed1a9b747b7ed6b3096334ff9,intesa,intesa,2025-07-16,2025-07-16,-48.72,EUR,PAGAMENTO POS CARTA *4523 RISTORANTE DA GINO MILANO,,
be67c9ff0ef5be2fba2bc1b7a4d2511efe53c2a9fa3dce80ab8f18cc78988343,revolut,revolut_personal_eur,2025-07-16,2025-07-16,-2.20,EUR,Trenord,Transport,
d8a5479f960edfcc337baa6612dfeed364e7462463e7d6b67df004e4b94c3128,revolut,revolut_personal_eur,2025-07-19,2025-07-19,-47.35,EUR,Sushi Daily,Restaurants,
18ff2695a296d1c40600d5aba633e4a1009867739b7609aa644158fb3b9e74da,revolut,revolut_personal_eur,2025-07-20,2025-07-20,-10.99,EUR,Spotify,Entertainment,
4a032b06fff3c43d4940512477b565f8ab221574ebb814297d6ce3ceaece84eb,revolut,revolut_personal_eur,2025-07-21,2025-07-21,-35.18,EUR,Pizzeria Spontini,Restaurants,
50b6ea5fc02cc4e5e4aa9366cfe926b96f10e68b22b412117bac6365432b858d,revolut,revolut_joint_eur,2025-07-23,2025-07-23,-21.36,EUR,Penny Market,Groceries,
752993b97fb32abda461814dbf52b9d16b5395b26bd0d1ebb3ecf7c2447b442e,revolut,revolut_personal_eur,2025-07-23,2025-07-23,-43.41,EUR,Sushi Daily,Restaurants,
54f912f78800e51601c58dca683c93fdc36fe81a261a1efad878ef52764bcd0a,intesa,intesa,2025-07-25,2025-07-25,-51.60,EUR,PAGAMENTO POS CARTA *4523 CARREFOUR MARKET MILANO,,
a82e6d4a9cd1972b0ae26927bef18c6b287a9a55242aa568a83dda1b731bbb25,trade_republic,trade_republic,2025-07-26,2025-07-26,-59.11,EUR,Carta REWE Berlin,,
a7290dcb3245638c3a9d2cfe04feee9946ddb0792968e1edf4785616ac63a087,intesa,intesa,2025-07-27,2025-07-27,2465.99,EUR,BONIFICO A VOSTRO FAVORE DA ACME SRL ACCREDITO EMOLUMENTI,,
6ac93d8e841863d637873ec9764cf90a7f44535bd8cc798abb5a37456d3625df,revolut,revolut_joint_eur,2025-07-27,2025-07-27,-82.59,EUR,IKEA Carugate,Shopping,
adf37b729d2d359baa70a58b66659e0231965bb67ba243dc63da4f45ef038a94,revolut,revolut_personal_eur,2025-07-27,2025-07-27,-2.20,EUR,Trenord,Transport,
408c773cedfd6ee55a658f6765891a80077bf6556061887291d6d96403295963,revolut,revolut_savings_eur,2025-07-28,2025-07-28,1.51,EUR,Gross interest,Interest,
0e98984c0abf8fad9651e010f616d11e49d714c2636379222f4bed363629914a,trade_republic,trade_republic,2025-07-28,2025-07-28,2.03,EUR,Interessi Interessi maturati sulla liquidita,,
f6cd4a80c0692d9e19e118471c355027fef230ed1328d2c34ea938e1abe58c47,intesa,intesa,2025-08-01,2025-08-01,-850.00,EUR,BONIFICO SEPA A ROSSI IMMOBILIARE CANONE LOCAZIONE,,
7799352fdaac63bd29ca356e33a961657f7084fc995badc1824488902970642d,intesa,intesa,2025-08-04,2025-08-03,-400.00,EUR,BONIFICO EUROPEO SEPA DISPOSTO A FAVORE DI T.R. BANK GMBH BERLINO,,
28800ffbc995e8fc5357993ee4bd91d0535cf69e1df2e9f51708e4ea7c2a788e,revolut,revolut_joint_eur,2025-08-04,2025-08-04,-68.52,EUR,IKEA Carugate,Shopping,
0673e9c604c9a34848dab497df25cd0c50ea0018820055c5d09abbce72ab67c9,trade_republic,trade_republic,2025-08-04,2025-08-04,400.00,EUR,Bonifico Accredito bonifico da Mario Bianchi,,
bae00c2f8c910dbc77896be2e6436d5f00654381645ea655361f09baed09b995,intesa,intesa,2025-08-05,2025-08-05,-300.00,EUR,PAGAMENTO POS CARTA *4523 RICARICA CARTA DUBLINO IRL,,
093cf2432e21d367da623c48e27f6de175edd325eb06f69b32a18212617c3799,revolut,revolut_personal_eur,2025-08-06,2025-08-06,300.00,EUR,Top-Up by *4523,Transfers,
21d9068e3fbb0a9550c14b75171c51ccf95c23099b1ba2d839caa4e92a82c7f9,trade_republic,trade_republic,2025-08-06,2025-08-06,-32.98,EUR,Carta REWE Berlin,,
e733f5346fcbed5a23baa02f686712323a16bcbe53505b8b7dcda0373485ed5f,revolut,revolut_personal_eur,2025-08-07,2025-08-07,-2.20,EUR,Trenord,Transport,
8c6b13caaefa53963502f13b8c1fd4f3b4b3153f36b8108b9bc8f7fdebae2792,intesa,intesa,2025-08-09,2025-08-09,-150.00,EUR,PRELIEVO CARTA DEBITO SU ATM MILANO VIA MANZONI,,
b148ab4ce258ad2c4a775441047d8124ff21c13cd34810857ba5e1d37ed3314c,intesa,intesa,2025-08-09,2025-08-08,-56.07,EUR,PAGAMENTO POS CARTA *4523 LIDL MILANO VIA PADOVA,,
92f0214eb7075d305c6dd4b0d22c2008c26471d36dcef6c8df5bb229a090e33a,revolut,revolut_personal_eur,2025-08-09,2025-08-09,-41.95,EUR,Carrefour Express,Groceries,
98c3515bf521dafb851857051ef9b84b518830e6120fb6169a3aa7159e0bfef9,revolut,revolut_personal_eur,2025-08-09,2025-08-09,-60.00,EUR,ATM Withdrawal Lisboa,Cash,
bd3e3959612c090b1b87e933c5cafce3590f6f912e9dce88d1bb476f427a7cca,revolut,revolut_joint_eur,2025-08-10,2025-08-10,-40.19,EUR,Penny Market,Groceries,
c1149aa2bcbacdda78d0edeb80143022443e4be35d2ee9f79444d31268da16f7,revolut,revolut_personal_eur,2025-08-10,2025-08-10,-52.79,EUR,To Giulia Verdi,Transfers,
90756acdadcefd433acc376c56bd6278d8e214d11959adc60a157e56243ddd29,intesa,intesa,2025-08-12,2025-08-12,-60.89,EUR,ADDEBITO SDD ENEL ENERGIA SPA FORNITURA ENERGIA ELETTRICA,,
7d606383bb0b63588e02823451e78471f4aec184295ae9acbbf7a65a2cd24175,revolut,revolut_personal_eur,2025-08-12,2025-08-12,-52.70,EUR,Bar Luce,Cafes,
446d6b557ef61642fccee8040e14e3d2164f90a35512bdd0f44fe56ae6cc11d1,revolut,revolut_personal_eur,2025-08-14,2025-08-14,-12.99,EUR,Netflix.com,Entertainment,
14e45d8f1a159e640e75f98598658aa6cfeb520d52ac618d9cd65f78941d7f04,trade_republic,trade_republic,2025-08-15,2025-08-15,-200.00,EUR,Risparmio Acquisto ETF IE00B4L5Y983 Core MSCI World,,
8b510ec7d98291733d6fb9f9631160392c1efe8a74cb73f0bf5eae0dd36ab672,intesa,intesa,2025-08-16,2025-08-16,-29.90,EUR,ADDEBITO SDD TIM SPA TELEFONO FISSO E FIBRA,,
5173f1f295f4547dda22e4cb01d69b22fa27896d4d151040fd9af6a827cd236a,revolut,revolut_personal_eur,2025-08-16,2025-08-16,-12.93,EUR,Lidl,Groceries,
121346e08c9d1d80e86bf64126fdaa56188ba4227886d12ed6570d560205e034,revolut,revolut_personal_eur,2025-08-16,2025-08-16,-2.20,EUR,Trenord,Transport,
e26a88eefd29dfa6145822e9ebd0ea092339449075395115fdae6716f83c8b72,intesa,intesa,2025-08-17,2025-08-16,-86.23,EUR,PAGAMENTO POS CARTA *4523 ESSELUNGA MILANO,,
9c59cc6f8700a44b807abd14d42e10f979c4733cfa2b440266bbe417a116b4c9,revolut,revolut_personal_eur,2025-08-18,2025-08-18,-54.44,EUR,Bar Luce,Cafes,
62376f4dc9b9dffefb5f9051b4f5ba656ed35739282b80c18091849e37972ff5,intesa,intesa,2025-08-19,2025-08-17,-83.43,EUR,PAGAMENTO POS CARTA *4523 ESSELUNGA MILANO,,
aba31e72d732b258d752f7734e03e5e55164cb99e2f0c8d45d014c11bc2c0d0c,revolut,revolut_personal_eur,2025-08-19,2025-08-19,-2.20,EUR,Trenord,Transport,
1f7dd3e0d6614d9962bd470ea562ad2eb0a797400ac00b5ae04b87fe40d87fcb,revolut,revolut_personal_eur,2025-08-20,2025-08-20,-10.99,EUR,Spotify,Entertainment,
08d5e68aef458a6e9359c1ee3b93676564f6a03eda3d20b6d2aac4b54edb12cc,revolut,revolut_joint_eur,2025-08-22,2025-08-22,-32.94,EUR,IKEA Carugate,Shopping,
3620f27d3534aa986b7de2e1dde9793f277123bab763a107cc2157be1e714361,intesa,intesa,2025-08-23,2025-08-23,-60.00,EUR,PAGAMENTO POS CARTA *4523 Q8 MILANO V.LE MONZA,,
038ff6f3e52722ffcbe87302574838e55ce9c2cecceb3cefe152a4b852665687,intesa,intesa,2025-08-24,2025-08-24,-52.40,EUR,PAGAMENTO POS CARTA *4523 AMAZON EU LUXEMBOURG,,
a811074c72050c875f7cb31d475ec980fe4056f563310549004198615bdbdbb8,intesa,intesa,2025-08-27,2025-08-27,2482.26,EUR,BONIFICO A VOSTRO FAVORE DA ACME SRL ACCREDITO EMOLUMENTI,,
0a5ad54c61795b7108c53149b016126dcabf4dea1eeedd54b19aaab227b6f6ae,revolut,revolut_savings_eur,2025-08-28,2025-08-28,1.85,EUR,Gross interest,Interest,
7b2863d9f4dcc9a9fb7274aa27f9758e8e2e5e8635e548e59a718b7035656744,trade_republic,trade_republic,2025-08-28,2025-08-28,1.29,EUR,Interessi Interessi maturati sulla liquidita,,
03c82280d22a8cabcef2f142ca4f9902c5434cf4a786403c282a868851dc69c5,intesa,intesa,2025-09-01,2025-09-01,-850.00,EUR,BONIFICO SEPA A ROSSI IMMOBILIARE CANONE LOCAZIONE,,
2de32d16230bbc459157172da7d2363abb5893c4fcdca944a0ba924d5ad1559a,revolut,revolut_joint_eur,2025-09-02,2025-09-02,-71.18,EUR,IKEA Carugate,Shopping,
aa43af71dc2ec8403041b3bc2194f09a21312380f23c9c9cc24243574340570c,revolut,revolut_personal_eur,2025-09-02,2025-09-02,-12.86,EUR,Bar Luce,Cafes,
434390e1f506ccf5eb789d88abeb2f5d663fd2ce5e703a82a2062b4419cea3f5,intesa,intesa,2025-09-03,2025-09-03,-82.13,EUR,PAGAMENTO POS CARTA *4523 CARREFOUR MARKET MILANO,,
bbfb8cb2635e1f80c8922cf2291108b74728def313ee657fc56b1705b108fc9a,intesa,intesa,2025-09-04,2025-09-03,-400.00,EUR,BONIFICO EUROPEO SEPA DISPOSTO A FAVORE DI T.R. BANK GMBH BERLINO,,
ce133cb60d37763c4b74bcd4fc9fe4a775fbb31bb268c6c238e5682f3ad3519a,trade_republic,trade_republic,2025-09-04,2025-09-04,400.00,EUR,Bonifico Accredito bonifico da Mario Bianchi,,
1e3bbe37d78d5b08b866f828afb57f57640f89078ca7bf81fefbcd6fdfa72ee9,intesa,intesa,2025-09-05,2025-09-05,-300.00,EUR,PAGAMENTO POS CARTA *4523 RICARICA CARTA DUBLINO IRL,,
92a15017f48496f6e8f0f746a4a4edfb151481b7ff538a91ef0c3824d0ce8e60,revolut,revolut_personal_eur,2025-09-06,2025-09-06,-44.29,EUR,Penny Market,Groceries,
39fddaa313b23771c508862696e6f30c1ce6da63237e407dc4865e55b7c60489,revolut,revolut_personal_eur,2025-09-06,2025-09-06,-48.88,EUR,Sushi Daily,Restaurants,
ff140e3e0a293dafe026ab59d7a155e540354f7c21646c8ed50c9d54cfb85f92,revolut,revolut_personal_eur,2025-09-06,2025-09-06,300.00,EUR,Top-Up by *4523,Transfers,
2daca9a7464d9e3180b91ca97a1f7379d6ea875926740baacb7ffc0a01add0d6,trade_republic,trade_republic,2025-09-09,2025-09-09,-501.00,EUR,Acquisto Acquisto ETF IE00B3RBWM25 FTSE All-World,,
4228b2a3e61f14f98dc6c02729f45ce80e4413ef34c1282f9803df4d4ed648af,revolut,revolut_joint_eur,2025-09-10,2025-09-10,-77.62,EUR,IKEA Carugate,Shopping,
9d070613df7f3206fdbfc93db9b59a0f0b02f8640094667ead432809086b0a92,revolut,revolut_personal_eur,2025-09-10,2025-09-10,-2.20,EUR,ATM Milano,Transport,
1355c7fb9fd986ee81a4a089448884cabd7262320f09eae60d308cd1b18e7f14,revolut,revolut_personal_eur,2025-09-12,2025-09-12,-2.20,EUR,Trenord,Transport,
60b0ecb07bf7bf09f219c2fb41de2a32fdd04225d1c1851003c70887de947107,intesa,intesa,2025-09-13,2025-09-13,-150.00,EUR,PRELIEVO CARTA DEBITO SU ATM MILANO VIA MANZONI,,
83335d5fdf4439e6f695e84ea1d00528bd1aa44582fd22499249b9a73f37f5cb,revolut,revolut_personal_eur,2025-09-13,2025-09-13,-30.19,EUR,To Giulia Verdi,Transfers,
f973d926f96865ba25b6bfc68528385abd8188736b227deb226fcbd29a8a2289,revolut,revolut_personal_eur,2025-09-14,2025-09-14,-12.99,EUR,Netflix.com,Entertainment,
256c45eb9073d8b141f9290b41afa2732810eeb135216e84d47411541d33ba72,revolut,revolut_personal_eur,2025-09-14,2025-09-14,-36.23,EUR,Pizzeria Spontini,Restaurants,
4d887d8b7c0db275adbe86279adcde0191a8f95425c6c7135ddf02dcbd1a5645,intesa,intesa,2025-09-15,2025-09-15,-49.88,EUR,PAGAMENTO POS CARTA *4523 AMAZON EU LUXEMBOURG,,
5695d6c523e344fa00b38bbcbb1843f3e3d4f5fdb6477cae51b5a9503bf09fca,intesa,intesa,2025-09-15,2025-09-15,-59.78,EUR,PAGAMENTO POS CARTA *4523 CARREFOUR MARKET MILANO,,
7efec6966c11410104399697e7dd813ab98de017c801be3d463d0c051c7d2eb8,trade_republic,trade_republic,2025-09-15,2025-09-15,-200.00,EUR,Risparmio Acquisto ETF IE00B4L5Y983 Core MSCI World,,
35303134b0623889e39a9d0215125811596093802d43a1a474b932a234a48d0a,intesa,intesa,2025-09-16,2025-09-16,-29.90,EUR,ADDEBITO SDD TIM SPA TELEFONO FISSO E FIBRA,,
93406e14a6801c8cc99636cc505ad3533542f365db4ccecd62710773d69bb4b0,intesa,intesa,2025-09-18,2025-09-18,-38.19,EUR,PAGAMENTO POS CARTA *4523 ENI STATION MILANO EST,,
e8acaae984d9586461d0a06c4f66417d82090d62b58029f11f3dc039e816caf7,intesa,intesa,2025-09-18,2025-09-18,-54.60,EUR,PAGAMENTO POS CARTA *4523 PIZZERIA BELLA NAPOLI MILANO,,
bd98362713cda66d02ab9c2401fe5608f38a787dc1b09bc7231d9222160ffe7b,revolut,revolut_personal_eur,2025-09-20,2025-09-20,-10.99,EUR,Spotify,Entertainment,
eeacfd16412a0331c5687fab744e0ea1e98eea8e94ed90b4d9aeaaddc8959c9f,trade_republic,trade_republic,2025-09-22,2025-09-22,-14.12,EUR,Carta Amazon EU,,
cc967d43606f0d67b6aa6cdab8bd6851a091083eb5f442d5c8dddd31f09f39d6,revolut,revolut_personal_eur,2025-09-23,2025-09-23,-33.13,EUR,Penny Market,Groceries,
e198f43318950790c62380e09654ed22da9c9916d2ec2552415c742f4fc5e4cd,revolut,revolut_personal_eur,2025-09-25,2025-09-25,-14.11,EUR,Penny Market,Groceries,
80fbf3ba4b1cb30be4b0e2780a6b2d328f84185373d1e57e4a250b09982211b1,revolut,revolut_joint_eur,2025-09-26,2025-09-26,-86.34,EUR,Carrefour Express,Groceries,
a24164822dd6ffef89635b664a0c713d1b254a42c3aa43bf71f54ac54dfa1ba5,intesa,intesa,2025-09-27,2025-09-27,2478.26,EUR,BONIFICO A VOSTRO FAVORE DA ACME SRL ACCREDITO EMOLUMENTI,,
5b3189bcb7197563372b3bee6dfd4368b70b2c50892e2f7b84582fe940d16bd0,intesa,intesa,2025-09-28,2025-09-26,-90.85,EUR,PAGAMENTO POS CARTA *4523 CARREFOUR MARKET MILANO,,
18c6835702103a10138a9ee833b05654a74648088ebadfdeeab7db75dc06deb8,revolut,revolut_savings_eur,2025-09-28,2025-09-28,1.10,EUR,Gross interest,Interest,
1adca85a2b6ae4b77c66640c6c4f9dee75c79dc9648caff0272ce6f51c1c5b65,trade_republic,trade_republic,2025-09-28,2025-09-28,2.45,EUR,Interessi Interessi maturati sulla liquidita,,
a76a5d1184ebec86f16c1d12330929185fec7954d017514fe38bb5f66e27f089,intesa,intesa,2025-10-01,2025-10-01,-850.00,EUR,BONIFICO SEPA A ROSSI IMMOBILIARE CANONE LOCAZIONE,,
51d57bf3423cde000fa5b92e54669870b95ff390da1efbc71fe345a953c9694e,revolut,revolut_personal_eur,2025-10-02,2025-10-02,-2.20,EUR,Trenord,Transport,
b8677bbaa336992f29970faf060dbde5053e77810af9e07ce7688986c0098019,intesa,intesa,2025-10-04,2025-10-02,-29.73,EUR,PAGAMENTO POS CARTA *4523 ESSELUNGA MILANO,,
e16972a76fa4db6b047ac265a9f1871562ab6992a0cd969b5434380debc872d8,intesa,intesa,2025-10-04,2025-10-03,-400.00,EUR,BONIFICO EUROPEO SEPA DISPOSTO A FAVORE DI T.R. BANK GMBH BERLINO,,
f4a0a32482741d6b67da65f4f89ff0a3dc9f0feb8bdc137862fa2970f370ffd5,revolut,revolut_personal_eur,2025-10-04,2025-10-04,-2.20,EUR,Trenord,Transport,
9a105a9ffddfdd4d4c0db9ff65204f8ef0482aa461a7c2b302609f128effabc7,trade_republic,trade_republic,2025-10-04,2025-10-04,400.00,EUR,Bonifico Accredito bonifico da Mario Bianchi,,
772c26b01de82453093539f3156292e039a33d4ad0b0bb6a4ec97f0bef1c5290,intesa,intesa,2025-10-05,2025-10-05,-300.00,EUR,PAGAMENTO POS CARTA *4523 RICARICA CARTA DUBLINO IRL,,
20f16d0f71ab9fa60337097518ea8fedf21497d887141580cf5fa36d3379acbc,revolut,revolut_personal_eur,2025-10-06,2025-10-06,300.00,EUR,Top-Up by *4523,Transfers,
d6a7f40fdaf1b208e2a84434a861cc5d3a703586aac304e24bfe7934778972fb,intesa,intesa,2025-10-08,2025-10-08,-68.87,EUR,PAGAMENTO POS CARTA *4523 Q8 MILANO V.LE MONZA,,
7a5be839f3059d4a118a87d84473bcbb893fb4c6846f56396e14182f6d1be52c,revolut,revolut_personal_eur,2025-10-09,2025-10-09,-11.77,EUR,Carrefour Express,Groceries,
2d0a1402d84a12c50703bf76dff115a6dc614c3c61d8c98211b3a43d41ee87ea,intesa,intesa,2025-10-12,2025-10-12,-56.24,EUR,ADDEBITO SDD ENEL ENERGIA SPA FORNITURA ENERGIA ELETTRICA,,
1c90d3e7856b8d1a9aaca1436c47185faa5f62401c1d8324d62571d6c4ac9deb,intesa,intesa,2025-10-14,2025-10-14,-56.67,EUR,PAGAMENTO POS CARTA *4523 RISTORANTE DA GINO MILANO,,
f0e6326846073d1339a2dc06f84f4dff111a5b9ad5c2e9949233e0de89948547,revolut,revolut_personal_eur,2025-10-14,2025-10-14,-12.99,EUR,Netflix.com,Entertainment,
73607132d64ffb17ab4247cd07745b7f74fd632de28681611be367d3ccdbdede,revolut,revolut_personal_eur,2025-10-14,2025-10-14,-43.60,EUR,To Giulia Verdi,Transfers,
03a1ba041ef8088993f2895b3d860982064e383859988b4bcae41e43406948a4,revolut,revolut_joint_eur,2025-10-15,2025-10-15,-28.21,EUR,Penny Market,Groceries,
11a4e348a0e96ea6b879afcab2c0989b7812c68f227b26d874af6663b2285cd7,trade_republic,trade_republic,2025-10-15,2025-10-15,-200.00,EUR,Risparmio Acquisto ETF IE00B4L5Y983 Core MSCI World,,
6aff943efcb0572fa524a34caf222f5cbd737ff18f8f6743bc7e96a4a2d7b59e,intesa,intesa,2025-10-16,2025-10-16,-29.90,EUR,ADDEBITO SDD TIM SPA TELEFONO FISSO E FIBRA,,
fa65b6fad4040151f1386c547f6128153eb679c15e2584dbf54eb3026c7f3f81,intesa,intesa,2025-10-16,2025-10-16,-77.05,EUR,PAGAMENTO POS CARTA *4523 ESSELUNGA MILANO,,
3afc1578a137e162779764142b6e48d9f5bc5dfc53f6cc535e0d2ff31a089688,revolut,revolut_joint_eur,2025-10-16,2025-10-16,-47.67,EUR,IKEA Carugate,Shopping,
5b34f2bc7d72087f3ea0ba4e375d7492e1339c14b13b3d6489aa5ff42146a104,trade_republic,trade_republic,2025-10-16,2025-10-16,-26.74,EUR,Carta REWE Berlin,,
773043da5bc4bcf9cd74af81eaec7cbe63fcac7d53a406d104d8a8482674b841,intesa,intesa,2025-10-17,2025-10-17,-61.43,EUR,PAGAMENTO POS CARTA *4523 ESSELUNGA MILANO,,
c964ea7faeb909782f14a9bfe6bbebb591b78916c30851a2d3f794a39919e1b9,revolut,revolut_personal_eur,2025-10-17,2025-10-17,-2.20,EUR,Trenord,Transport,
466170509da59dda2258f8dfc90e80c8bc71880ab17319c37787f199e1dd42bf,intesa,intesa,2025-10-18,2025-10-18,-150.00,EUR,PRELIEVO CARTA DEBITO SU ATM MILANO VIA MANZONI,,
839f8bec4648ce6a04bf32a48d3b2f9cb741e07543dfcece907c1d6ca7844105,revolut,revolut_personal_eur,2025-10-20,2025-10-20,-10.99,EUR,Spotify,Entertainment,
e44f600605a17161725164aa9052db5bc42e3766306a74ba846b6a61fefe93a4,revolut,revolut_personal_eur,2025-10-20,2025-10-20,-33.55,EUR,Lidl,Groceries,
d1295acd1e645e94b50ab9b39cf928260c589bdc77ca42e4ed62030a532f5bfb,revolut,revolut_joint_eur,2025-10-21,2025-10-21,-75.61,EUR,Carrefour Express,Groceries,
f393263cea114c9b3a5a1e0f607ac477a41e2c8191ff0097793586bea8ae794c,revolut,revolut_personal_eur,2025-10-21,2025-10-21,-46.05,EUR,Bar Luce,Cafes,
c0c641e5c1d9a9863101bcdff1a77be2cf84b7d5c990c991fe7af9888a3dcc9a,revolut,revolut_personal_eur,2025-10-23,2025-10-23,-2.20,EUR,Trenord,Transport,
bc1dec7d6003bc1da195f3db9c9b93a06c4d10e8cd58478233bbc10f481363be,intesa,intesa,2025-10-27,2025-10-27,2451.61,EUR,BONIFICO A VOSTRO FAVORE DA ACME SRL ACCREDITO EMOLUMENTI,,
cf57f4f99077dd7e270d48b187f58d25c3d669630ddd73cce4a7d7f2fcebb206,revolut,revolut_personal_eur,2025-10-27,2025-10-27,-10.89,EUR,Bar Luce,Cafes,
25d5ac364587bf1db67d630dc403125431fe092487f3bde97299facb305b47b5,revolut,revolut_savings_eur,2025-10-28,2025-10-28,1.71,EUR,Gross interest,Interest,
f668e03595387cf712a10ed5bca77e44b286304b63d164fc47f9033cd6b44165,trade_republic,trade_republic,2025-10-28,2025-10-28,1.54,EUR,Interessi Interessi maturati sulla liquidita,,
58b5671a35375e7e22d0b696652657dff33181a329b9b6457692b42ec13d87e0,intesa,intesa,2025-11-01,2025-11-01,-850.00,EUR,BONIFICO SEPA A ROSSI IMMOBILIARE CANONE LOCAZIONE,,
47e10147404656e5ecda52ef12d80046896e49d9b7974a428ff5d891c5114fa4,intesa,intesa,2025-11-04,2025-11-03,-400.00,EUR,BONIFICO EUROPEO SEPA DISPOSTO A FAVORE DI T.R. BANK GMBH BERLINO,,
1adf4ad0793d9720e73ab9ef963147f1fc9905c7639eea9283aa7c3f8ec61b48,trade_republic,trade_republic,2025-11-04,2025-11-04,400.00,EUR,Bonifico Accredito bonifico da Mario Bianchi,,
a70faac9a21295a78d5cf3168f5ea99ee0578ad567fc00ede2d98f8fe3b1ec52,intesa,intesa,2025-11-05,2025-11-05,-300.00,EUR,PAGAMENTO POS CARTA *4523 RICARICA CARTA DUBLINO IRL,,
8b75a5fd6ce8790b7ca5c8504a05e1a55b6fe4c73756af99511f5302fb879224,revolut,revolut_personal_eur,2025-11-05,2025-11-05,-2.20,EUR,ATM Milano,Transport,
ca3719ac3565de7def578c8ac3cd7eb153adfe56b98e04e987cc8fdc313bd910,revolut,revolut_personal_eur,2025-11-06,2025-11-06,300.00,EUR,Top-Up by *4523,Transfers,
229a43b4456565f4e6b0d836d51671a4a6e5a1c8b193b82d47dadc2122ea8ec1,revolut,revolut_joint_eur,2025-11-08,2025-11-08,-70.40,EUR,Penny Market,Groceries,
0b0513f3a1b333572d0744094b0f7151fee0fccfd600b349ac6233f8df2cbd48,intesa,intesa,2025-11-09,2025-11-09,-43.54,EUR,PAGAMENTO POS CARTA *4523 AMAZON EU LUXEMBOURG,,
7a616495dc4b18329c93e8a35ac37150324325588de2ad11790bb11f48514ed0,intesa,intesa,2025-11-10,2025-11-10,-39.53,EUR,PAGAMENTO POS CARTA *4523 CARREFOUR MARKET MILANO,,
683e9582015eb9537f9c821cbd3a5413f2992caa45eb78b7f7a5f39e5e4d6e65,intesa,intesa,2025-11-10,2025-11-10,-61.04,EUR,PAGAMENTO POS CARTA *4523 Q8 MILANO V.LE MONZA,,
b0ea8e0cbc104adb8f147568e0e5d3e9b961f5cfa7c51a14f74952b60b292010,intesa,intesa,2025-11-12,2025-11-12,-55.54,EUR,PAGAMENTO POS CARTA *4523 CARREFOUR MARKET MILANO,,
3df5525f095ca540a5daa746d3111a7450f9e466fd5bbeb8f7fd726cdc469236,revolut,revolut_personal_eur,2025-11-12,2025-11-12,-2.20,EUR,ATM Milano,Transport,
7ad84a57324d4359555f87875ce48501b6a815063d6a8f4e374bb040bf0380fc,trade_republic,trade_republic,2025-11-13,2025-11-13,-27.77,EUR,Carta REWE Berlin,,
7e96fbdf2d44417c1a155faf4d2392313fda28ba95609b371a3f3672e3543988,revolut,revolut_personal_eur,2025-11-14,2025-11-14,-12.99,EUR,Netflix.com,Entertainment,
15aa1be4036e79ade686a59c1125d6cc72aa30873839a53285892728e72b0d96,trade_republic,trade_republic,2025-11-15,2025-11-15,-200.00,EUR,Risparmio Acquisto ETF IE00B4L5Y983 Core MSCI World,,
c90a5eb1ed93acdef5b4d17977cc40f8baea90390e623b86160e8d2e5943acef,intesa,intesa,2025-11-16,2025-11-16,-29.90,EUR,ADDEBITO SDD TIM SPA TELEFONO FISSO E FIBRA,,
13d6c44110099abc023cd2c40e30bc7a5568e2a0e265219ffd1e26ebc91c638a,revolut,revolut_personal_eur,2025-11-16,2025-11-16,-21.46,EUR,Bar Luce,Cafes,
0b0fe195212845b3dd22f0e71f2aa6051823d74b5297c43d4c6f70959c96de34,revolut,revolut_personal_eur,2025-11-19,2025-11-19,-24.22,EUR,Bar Luce,Cafes,
286144186add1b9c1824135765e6f9bded335d8a4b4273c339064975af1945b6,revolut,revolut_personal_eur,2025-11-19,2025-11-19,-27.64,EUR,Penny Market,Groceries,
ec3b6a459a3f1a2bb7cd9fa7dc38f440a1b887d4c0cf6f1dafac29632810b7ff,intesa,intesa,2025-11-20,2025-11-20,-100.00,EUR,PRELIEVO CARTA DEBITO SU ATM MILANO VIA MANZONI,,
08fd4d2eda76c9f935e6d47bb7caac3811ae030a59549df174390e90cd8a82b7,revolut,revolut_personal_eur,2025-11-20,2025-11-20,-10.99,EUR,Spotify,Entertainment,
41fc4d1f961c310050deb3187ccf85ae50c34020a99dd154001bff0b89719e5f,intesa,intesa,2025-11-22,2025-11-21,-43.90,EUR,PAGAMENTO POS CARTA *4523 LIDL MILANO VIA PADOVA,,
67db8dcb0a16d69ec5b4dcebbc9ffda496dce3a1597cae67340dd5a778b61646,revolut,revolut_personal_eur,2025-11-23,2025-11-23,-29.52,EUR,Penny Market,Groceries,
72615ce7eab21f41aa7842f7fca09b512667ee40e58ba61d16f8d36fbc256453,intesa,intesa,2025-11-24,2025-11-24,-60.80,EUR,PAGAMENTO POS CARTA *4523 LIDL MILANO VIA PADOVA,,
f655d16f7b78aedcb07e66e79b4f7c01fc5214b3bf67aab1f83bbdfa7e8b546f,revolut,revolut_joint_eur,2025-11-25,2025-11-25,-59.22,EUR,Carrefour Express,Groceries,
6f5884efe26f316a39b7aae1bacc669dbeb3849dc06c53f78c897c3046f27d57,revolut,revolut_personal_eur,2025-11-25,2025-11-25,-2.20,EUR,ATM Milano,Transport,
946061fe0818c0d87b542ccb6b34eca4c3432cc89ee7262affd5d4e1e7ff5092,intesa,intesa,2025-11-27,2025-11-27,-51.19,EUR,PAGAMENTO POS CARTA *4523 RISTORANTE DA GINO MILANO,,
07171f1138102ed254be1ae7c41c9c0c8e3c235e478c5eac3859a067a8aa6460,intesa,intesa,2025-11-27,2025-11-27,2459.75,EUR,BONIFICO A VOSTRO FAVORE DA ACME SRL ACCREDITO EMOLUMENTI,,
7877e7df72c355fd7110e60ade228d17ff3fc1485ad0bdb390a4d77122111712,revolut,revolut_savings_eur,2025-11-28,2025-11-28,1.73,EUR,Gross interest,Interest,
7bb02afc77799ef1b4a619c04190ca6567b1df09b7f1ac79c009fabb4011add0,trade_republic,trade_republic,2025-11-28,2025-11-28,1.98,EUR,Interessi Interessi maturati sulla liquidita,,
33c52967393d271406d5d7fdeace8452966ef75fe0397bcae9d245ab584d7fa2,intesa,intesa,2025-12-01,2025-12-01,-850.00,EUR,BONIFICO SEPA A ROSSI IMMOBILIARE CANONE LOCAZIONE,,
11702cef0ad7344e4d83517ad966348f34c4b98b612d49110e0761337e9de138,intesa,intesa,2025-12-04,2025-12-03,-400.00,EUR,BONIFICO EUROPEO SEPA DISPOSTO A FAVORE DI T.R. BANK GMBH BERLINO,,
2baa471146589b88d56704c8818f4562dd867e9cf30d74f6cb1de31ad8f61e21,trade_republic,trade_republic,2025-12-04,2025-12-04,400.00,EUR,Bonifico Accredito bonifico da Mario Bianchi,,
4bb2c776575d47c141b3117227d4c6f9907e3d8b387c914026c92d195abace86,intesa,intesa,2025-12-05,2025-12-05,-300.00,EUR,PAGAMENTO POS CARTA *4523 RICARICA CARTA DUBLINO IRL,,
4f0375b157746b10f1a673dc05182188e373a61c6a6a571ed6bb8bc024104013,intesa,intesa,2025-12-05,2025-12-05,-62.20,EUR,PAGAMENTO POS CARTA *4523 CARREFOUR MARKET MILANO,,
6657c18428688b63b17bdc559baca98ddf0b44c21512d98deb2b87253964e3e0,revolut,revolut_personal_eur,2025-12-06,2025-12-06,300.00,EUR,Top-Up by *4523,Transfers,
095d9b383bee4a80d240a1754c507c9a682fabfd966c220917fa184222642fff,revolut,revolut_personal_eur,2025-12-07,2025-12-07,-2.20,EUR,ATM Milano,Transport,
6db73bdcc4b39a103d84fdd1e378d439bc24dc15a704c2eab4c786f963be8c08,intesa,intesa,2025-12-09,2025-12-09,-33.21,EUR,PAGAMENTO POS CARTA *4523 RISTORANTE DA GINO MILANO,,
6696689025898fd63cca4f4ddf4f743ecd320457b629001a071eb822a54c0b74,trade_republic,trade_republic,2025-12-09,2025-12-09,-501.00,EUR,Acquisto Acquisto ETF IE00B3RBWM25 FTSE All-World,,
fe3940f738b063a5c690dfa6e34d9beda079ef763b577276cf653241a488edaa,intesa,intesa,2025-12-10,2025-12-10,-93.02,EUR,PAGAMENTO POS CARTA *4523 ESSELUNGA MILANO,,
4c5ddf24568b24639c3422f5f5ec41903f79b937070b58e292d02717eeb4e830,revolut,revolut_personal_eur,2025-12-10,2025-12-10,-2.20,EUR,ATM Milano,Transport,
6f2cfb1917a5a01aa928c9397554249465b1de7f406cf4364398a13d614b2681,trade_republic,trade_republic,2025-12-10,2025-12-10,-51.24,EUR,Carta REWE Berlin,,
014c3d0c79e6a10c65859f0c9f38ecd35e01322ea66ef206cf0c458e7b28ec8c,intesa,intesa,2025-12-11,2025-12-10,-26.78,EUR,PAGAMENTO POS CARTA *4523 ESSELUNGA MILANO,,
74868311a8eab100f5e2a533ae1ad20a63283c94904af0530be7cb2b32587c51,intesa,intesa,2025-12-11,2025-12-11,-67.12,EUR,PAGAMENTO POS CARTA *4523 LIDL MILANO VIA PADOVA,,
243c79eb7f1b49c188266a7f8440caf2958a895aa5836c9098c0481bec303002,revolut,revolut_joint_eur,2025-12-11,2025-12-11,-17.45,EUR,IKEA Carugate,Shopping,
f250cce321c914864cd83d5450ea911995ba88540070a83af6299604fcd52daf,revolut,revolut_personal_eur,2025-12-11,2025-12-11,-39.83,EUR,Penny Market,Groceries,
ac79427e6242210e71f9624c1e8759e423ef1a60086e7581f62e6f841d9858fe,intesa,intesa,2025-12-12,2025-12-12,-55.57,EUR,ADDEBITO SDD ENEL ENERGIA SPA FORNITURA ENERGIA ELETTRICA,,
19d11644bc2d4f109a3f74916f0d55365017465f98545f727607744caecafdc2,intesa,intesa,2025-12-13,2025-12-13,-100.00,EUR,PRELIEVO CARTA DEBITO SU ATM MILANO VIA MANZONI,,
a6bf9ceaaaab3b994d9a20233b2d9d9c663befed75b68315241c3e118a16713b,intesa,intesa,2025-12-13,2025-12-13,-11.64,EUR,PAGAMENTO POS CARTA *4523 FARMACIA CENTRALE MILANO,,
708f4dd4cde3092f1f75454e44932231526469bf4a54838279c6dd183e0bc5c1,revolut,revolut_personal_eur,2025-12-14,2025-12-14,-12.99,EUR,Netflix.com,Entertainment,
affea15cc518c791335216fc0efb4d33391fde30bc9260868019a62b10a1e235,revolut,revolut_personal_eur,2025-12-14,2025-12-14,-24.67,EUR,Carrefour Express,Groceries,
0aef8d468ea8d479b1b6dd77064d4a396865176afca94dd411a3195abd96b788,intesa,intesa,2025-12-15,2025-12-15,-59.29,EUR,PAGAMENTO POS CARTA *4523 AMAZON EU LUXEMBOURG,,
0318198e4be9e593ce8c9fa41a63745ff1ef5b297c82ccfdf1ab1b68b2262db1,trade_republic,trade_republic,2025-12-15,2025-12-15,-200.00,EUR,Risparmio Acquisto ETF IE00B4L5Y983 Core MSCI World,,
e1f020ee82ae3cbb35e09804400d301d29ec92538d22d1ee52bc514f87a017d5,intesa,intesa,2025-12-16,2025-12-16,-29.90,EUR,ADDEBITO SDD TIM SPA TELEFONO FISSO E FIBRA,,
63cc4ad9815435ba2c88a19263a046896888c2374d4d299fefbadef7b5fd8ddd,revolut,revolut_joint_eur,2025-12-16,2025-12-16,-66.70,EUR,IKEA Carugate,Shopping,
5a04f65648ba06fd8043eb4574590fc6bc8a8a1c420c6dc5c19077e92f90a026,intesa,intesa,2025-12-18,2025-12-18,-40.37,EUR,PAGAMENTO POS CARTA *4523 ENI STATION MILANO EST,,
fbcc9b845a68dd6e3c5ee04ea694c57017a334da6a2beb33f166b3a5c31c16a2,intesa,intesa,2025-12-18,2025-12-17,-44.23,EUR,PAGAMENTO POS CARTA *4523 CARREFOUR MARKET MILANO,,
b6d40b56205c1163fddecedb0a0b3c93251c5de927ea7cf50a2de7e0e6699d35,revolut,revolut_personal_eur,2025-12-20,2025-12-20,-10.99,EUR,Spotify,Entertainment,
293f036dbe137fca719b76af4a964599c7e0aed8a4a3f2ff186b89b894aaa97d,revolut,revolut_personal_eur,2025-12-20,2025-12-20,-18.38,EUR,To Giulia Verdi,Transfers,
caa40dd8e670641263dfdc882f4868fa6919b04b472c3bfb71846288db65cf6e,revolut,revolut_personal_eur,2025-12-20,2025-12-20,-37.57,EUR,Sushi Daily,Restaurants,
1d5629d9f44b88b09b66a9d4f0f45c12ce657c150592674a487bfcf2fe1b09ed,revolut,revolut_personal_eur,2025-12-25,2025-12-25,-13.56,EUR,Bar Luce,Cafes,
e719ea55bee68df404644e6a01178757c8f88a5a53053f4f0de9727752cd0f90,intesa,intesa,2025-12-27,2025-12-27,2457.18,EUR,BONIFICO A VOSTRO FAVORE DA ACME SRL ACCREDITO EMOLUMENTI,,
2de38dde54a6d9e45562d493e92a19bb27a886e5006bdf905304d142bb08b845,trade_republic,trade_republic,2025-12-27,2025-12-27,-45.39,EUR,Carta Amazon EU,,
614c845516d6d0a0b06c1eec5995c06b5e76472d8f57bdb9bd015fa652c2f011,revolut,revolut_savings_eur,2025-12-28,2025-12-28,1.31,EUR,Gross interest,Interest,
3d401fc1aa4f16380614e2f6893f46ec7d7419240b5def5343eadaf51349545e,trade_republic,trade_republic,2025-12-28,2025-12-28,1.56,EUR,Interessi Interessi maturati sulla liquidita,,
f8d6c3dd272550c2161256506cad7a3c00c990367060e93245d399c486d6cf73,intesa,intesa,2026-01-01,2026-01-01,-850.00,EUR,BONIFICO SEPA A ROSSI IMMOBILIARE CANONE LOCAZIONE,,
31fd5d85a6dea3710849e868a544137bba3a68e0022b890c8845eb9756f73a36,trade_republic,trade_republic,2026-01-02,2026-01-02,-59.50,EUR,Carta Amazon EU,,
47264b5cd919573d0aa5e9febd6a0ec7fb414fc4eb300c112fe30217ab79f7bd,intesa,intesa,2026-01-04,2026-01-03,-400.00,EUR,BONIFICO EUROPEO SEPA DISPOSTO A FAVORE DI T.R. BANK GMBH BERLINO,,
54b50951e76a8ce51714304075969ec114fc6e6a46ad1a3e2aa078eb9402e773,revolut,revolut_joint_eur,2026-01-04,2026-01-04,-38.59,EUR,IKEA Carugate,Shopping,
118e7f8aef16ce8ea7bfea94a41f82b03285bdf8852e120afd851ed3ac2e111c,trade_republic,trade_republic,2026-01-04,2026-01-04,400.00,EUR,Bonifico Accredito bonifico da Mario Bianchi,,
6f9c934dd5ff8efb702204b9ec9537d155359d039267997172b397b95957ae0e,intesa,intesa,2026-01-05,2026-01-05,-300.00,EUR,PAGAMENTO POS CARTA *4523 RICARICA CARTA DUBLINO IRL,,
d34961bb7781a511f25604016a5785bc40acf3f600652a124ccb39b9c9fa600d,intesa,intesa,2026-01-05,2026-01-05,-57.14,EUR,PAGAMENTO POS CARTA *4523 ENI STATION MILANO EST,,
23ff2524f19c3c94a0dc7fb65fab3a80545212cf9cc5affadad667e40c1e9a63,intesa,intesa,2026-01-06,2026-01-06,-22.59,EUR,PAGAMENTO POS CARTA *4523 CARREFOUR MARKET MILANO,,
1f26ddbf19dba84da63d9dfd820c11e013697241d74a65a6f9420ceddd299a86,intesa,intesa,2026-01-06,2026-01-05,-71.03,EUR,PAGAMENTO POS CARTA *4523 CARREFOUR MARKET MILANO,,
615ee42bd5f7924cc0e754766e3b9a005792d4c18e2cf9d1237d025e2f401ca9,revolut,revolut_personal_eur,2026-01-06,2026-01-06,-53.60,EUR,To Giulia Verdi,Transfers,
506e2b27b792f6b4a85895459e0726dfdbf2fa99a08e15909a6de608f93c1a97,revolut,revolut_personal_eur,2026-01-06,2026-01-06,300.00,EUR,Top-Up by *4523,Transfers,
c9f2310f8a7a3b2a9e0d83489d3f26f3ad3f2a133e0ca7c98f54fcf9b0fad2e5,revolut,revolut_personal_eur,2026-01-07,2026-01-07,-54.86,EUR,Sushi Daily,Restaurants,
da0b3c0c9e543e554c6d1068517eb5b7826e580dc6f3a507c0c2344a5e23f1cd,revolut,revolut_personal_eur,2026-01-10,2026-01-10,-29.32,EUR,Carrefour Express,Groceries,
9a844830f9a3caabaac850311d50b1a753b185325edee4f928a0a9ee938f40e6,revolut,revolut_personal_eur,2026-01-12,2026-01-12,-2.20,EUR,Trenord,Transport,
702d7c9c1a7f8b4714301398483a1384efc9a91dfa8deab01960e74850323e31,revolut,revolut_personal_eur,2026-01-13,2026-01-13,-2.20,EUR,Trenord,Transport,
790d5193124e3cbc80b728c0f5d7a9d757cb9262c6dcc17c32ca9422f925cb80,intesa,intesa,2026-01-14,2026-01-14,-100.00,EUR,PRELIEVO CARTA DEBITO SU ATM MILANO VIA MANZONI,,
b3c30eb8f94227be238e44b4ee09b121a240d16e8e964442ef9f4139224df708,revolut,revolut_personal_eur,2026-01-14,2026-01-14,-12.99,EUR,Netflix.com,Entertainment,
05fb0de6fe8d4660fb1d454a5ed31b6bbb6869e1096dcf6335b2b593de0a2e28,trade_republic,trade_republic,2026-01-15,2026-01-15,-200.00,EUR,Risparmio Acquisto ETF IE00B4L5Y983 Core MSCI World,,
6c8e7361d1298e429b58e2c8205b8b388e753bf4844f4df74d611ed78bc73858,intesa,intesa,2026-01-16,2026-01-16,-29.90,EUR,ADDEBITO SDD TIM SPA TELEFONO FISSO E FIBRA,,
f7e942520f42afe39d510f172e9059291277f8247ca0ced9477b915c98e4d48f,trade_republic,trade_republic,2026-01-16,2026-01-16,-62.16,EUR,Carta Amazon EU,,
86ce415363276d3d2b7f6ee97616cee4e58975309224473524e5608c7f5ce7ce,revolut,revolut_personal_eur,2026-01-17,2026-01-17,-27.20,EUR,Lidl,Groceries,
49455102b0920dbd97ab3376c2b59979942e82f751ae9daace6c81618b72d9c2,intesa,intesa,2026-01-19,2026-01-19,-55.28,EUR,PAGAMENTO POS CARTA *4523 ENI STATION MILANO EST,,
adee8ba461c707dc0bcebfb6b4093a807e2ae0354b3125fe6340b45497ff302e,intesa,intesa,2026-01-19,2026-01-19,-67.87,EUR,PAGAMENTO POS CARTA *4523 ESSELUNGA MILANO,,
d218ae98b381468b019c4abd647035e534e660f0d870c734d741fb68edec8f8e,revolut,revolut_personal_eur,2026-01-20,2026-01-20,-10.99,EUR,Spotify,Entertainment,
5711eee6bdf9a7cca7a725098311967d72dd69c3008e3649b6de85fed38e53da,revolut,revolut_personal_eur,2026-01-22,2026-01-22,-46.46,EUR,Sushi Daily,Restaurants,
3d909179df34a2fae7d040b00ec3f794312d6002002e666fe1ea099a6c6d5802,intesa,intesa,2026-01-23,2026-01-23,-77.20,EUR,PAGAMENTO POS CARTA *4523 AMAZON EU LUXEMBOURG,,
7ccf130a11c64ed53ab4f72f82a555ecfd92966468b619c7623a1e0988ee8b0f,intesa,intesa,2026-01-23,2026-01-21,-88.93,EUR,PAGAMENTO POS CARTA *4523 CARREFOUR MARKET MILANO,,
60d1e3934d66ae212c43d3fd3c53264a97e8016b2f5d9db14168c1f6f38bee2f,revolut,revolut_joint_eur,2026-01-24,2026-01-24,-52.16,EUR,IKEA Carugate,Shopping,
0a0d2ecc93d4ea0e583b519616059225e4928bb25ea66bb20481797baf5d1287,revolut,revolut_joint_eur,2026-01-26,2026-01-26,-56.26,EUR,IKEA Carugate,Shopping,
358933968b88dc7054a76c48ecd5d0f3bcac519cce9a9d56b59b1d1dea922aca,intesa,intesa,2026-01-27,2026-01-27,2487.35,EUR,BONIFICO A VOSTRO FAVORE DA ACME SRL ACCREDITO EMOLUMENTI,,
4cf6a50c60a1d16f3a2c4297527b6490eea0e0079e7ca620e9802f36ff7807fe,revolut,revolut_savings_eur,2026-01-28,2026-01-28,1.34,EUR,Gross interest,Interest,
f50e6f985f4fe033c078bbd750cddbbd293785d092cbcba38c83124883031cef,trade_republic,trade_republic,2026-01-28,2026-01-28,2.48,EUR,Interessi Interessi maturati sulla liquidita,,
5622bd721b670fa20018afab82e416b430f750051618b7430765e8ffb6c32abc,intesa,intesa,2026-02-01,2026-02-01,-850.00,EUR,BONIFICO SEPA A ROSSI IMMOBILIARE CANONE LOCAZIONE,,
d4a83891fb073cf51ec985c78623e171f120c4dc2f04a400aa4e40c50899ac93,revolut,revolut_joint_eur,2026-02-03,2026-02-03,-38.86,EUR,IKEA Carugate,Shopping,
be65416ab3ad2d8d64741193d61d119de63a334d8bf4582fe2e99ad78146d4ed,intesa,intesa,2026-02-04,2026-02-03,-400.00,EUR,BONIFICO EUROPEO SEPA DISPOSTO A FAVORE DI T.R. BANK GMBH BERLINO,,
6accb494694e05d4e1c78041f5ad113dd40f1f59fd0ba89804561709a0aab012,revolut,revolut_personal_eur,2026-02-04,2026-02-04,-18.22,EUR,Lidl,Groceries,
784a00c768809c485e41455e469b901a5f9615a86b470136d08f1e9bfb035b70,trade_republic,trade_republic,2026-02-04,2026-02-04,400.00,EUR,Bonifico Accredito bonifico da Mario Bianchi,,
7f1f7829d3052c17e2d27263cf021829ead41649227c686070d12347b0ba84d0,intesa,intesa,2026-02-05,2026-02-05,-300.00,EUR,PAGAMENTO POS CARTA *4523 RICARICA CARTA DUBLINO IRL,,
643623dc2b787ab9826f63ae220ab1baad524f219bf72fa9ca6adbaea334b1dc,intesa,intesa,2026-02-06,2026-02-06,-52.77,EUR,PAGAMENTO POS CARTA *4523 Q8 MILANO V.LE MONZA,,
b566e79e9276c4f237f07d437883a839214f5b4e22899585381d66cc85ec25dc,revolut,revolut_personal_eur,2026-02-06,2026-02-06,-2.20,EUR,Trenord,Transport,
c6f50188d78c1cbc84a5b9a2dd916ba858a0e5bc47cad9780b0338b4f7f0fbea,revolut,revolut_personal_eur,2026-02-06,2026-02-06,300.00,EUR,Top-Up by *4523,Transfers,
14d415bf1f6f1303b6b489bbcaa45488066c5e152770b41665008087aa7e1187,intesa,intesa,2026-02-08,2026-02-08,-60.29,EUR,PAGAMENTO POS CARTA *4523 ESSELUNGA MILANO,,
6a26d5db11a404f2d3adfc22817401886b8de105948f7d2374ee409911af96a5,revolut,revolut_personal_eur,2026-02-11,2026-02-11,-42.40,EUR,Pizzeria Spontini,Restaurants,
222d2d8e7164151a9a4264e75d3c4a812e7bf161ad7f54e5c7cbc12edca409c5,intesa,intesa,2026-02-12,2026-02-12,-21.88,EUR,PAGAMENTO POS CARTA *4523 FARMACIA CENTRALE MILANO,,
78d3ebf18762e5e8bbe0e34470efb76958526e722dd52f0a7756957ccef6e172,intesa,intesa,2026-02-12,2026-02-12,-62.50,EUR,ADDEBITO SDD ENEL ENERGIA SPA FORNITURA ENERGIA ELETTRICA,,
3ce4ef90ef7155158e55ed5c19330650630d82060b5f269896aa7092d199fcb1,revolut,revolut_joint_eur,2026-02-12,2026-02-12,-80.22,EUR,IKEA Carugate,Shopping,
b28bf9fd1ae832714707241c0b97c74779e2b64e73f0b62648537ba5be778a7c,revolut,revolut_personal_eur,2026-02-13,2026-02-13,-2.20,EUR,Trenord,Transport,
1b53ff9b0d68ed938f60c7be2e2a7a30300b8749e1dcd5a08dab1f3756bce835,revolut,revolut_personal_eur,2026-02-14,2026-02-14,-12.99,EUR,Netflix.com,Entertainment,
49022b202eafd9ebcf2a989a0fa599b4116dd19e00fa12053f9c5f4067ff67a0,trade_republic,trade_republic,2026-02-15,2026-02-15,-200.00,EUR,Risparmio Acquisto ETF IE00B4L5Y983 Core MSCI World,,
46e6b32649f6314b50d639f1c84e28d36a777f20c734ed8bf68b1236977078f4,intesa,intesa,2026-02-16,2026-02-16,-29.90,EUR,ADDEBITO SDD TIM SPA TELEFONO FISSO E FIBRA,,
f1cf888cb204cd089952fe72a19e5fcb99681e68f4f8ba73d349b3d7ad7df982,intesa,intesa,2026-02-17,2026-02-16,-27.35,EUR,PAGAMENTO POS CARTA *4523 CARREFOUR MARKET MILANO,,
a010dce067d7018ac6c4ff337abe88c4c59d7f0f25c9665cb0366229198942e3,trade_republic,trade_republic,2026-02-17,2026-02-17,-68.85,EUR,Carta Amazon EU,,
527d6a5951a6ae0caa9e77236b137f487848371df17b043207ecf19c2150b67d,revolut,revolut_personal_eur,2026-02-18,2026-02-18,-35.61,EUR,Carrefour Express,Groceries,
b7142dcd770e87a1cd5cbcadafc7e18c06c2e6b520748f643d187d3a6d4ed6cd,intesa,intesa,2026-02-19,2026-02-19,-23.28,EUR,PAGAMENTO POS CARTA *4523 AMAZON EU LUXEMBOURG,,
c5b1873f7a6310c35245e6d182004de85f94e508af3de2dd71fd7e13aea8df15,revolut,revolut_personal_eur,2026-02-19,2026-02-19,-2.20,EUR,Trenord,Transport,
2b4de7e52d6ddace21936d0f0ecf7751432b0220c35455e757af3f15a5b4ec02,revolut,revolut_personal_eur,2026-02-19,2026-02-19,-2.20,EUR,Trenord,Transport,
efe28c817391320b06379335489a6cafe121365dedfece34c3f58269f0bad803,intesa,intesa,2026-02-20,2026-02-20,-51.06,EUR,PAGAMENTO POS CARTA *4523 Q8 MILANO V.LE MONZA,,
7da25e2fc9a9252aed5f43f442a6985f2e3009eac86560cc4447cd111a4b8d6c,intesa,intesa,2026-02-20,2026-02-20,-76.30,EUR,PAGAMENTO POS CARTA *4523 RISTORANTE DA GINO MILANO,,
2f0413a66f547339c417785e4191fd604768ec283474b53feadfa13af8edcecc,revolut,revolut_joint_eur,2026-02-20,2026-02-20,-43.72,EUR,Penny Market,Groceries,
92fa05650ee9cbc89bdd3d117df36b175992ea30c7437b84dfdcdef88802f643,revolut,revolut_personal_eur,2026-02-20,2026-02-20,-10.99,EUR,Spotify,Entertainment,
fa25b2fd2f3c2697f886317c828e2b5e793e367f89f40f0d31dc916ce18c5d68,intesa,intesa,2026-02-21,2026-02-21,-150.00,EUR,PRELIEVO CARTA DEBITO SU ATM MILANO VIA MANZONI,,
684390bb6178a9a538555b4f4ca694d34944879a1dc40e8e59a63ab08583df4c,intesa,intesa,2026-02-21,2026-02-21,-72.65,EUR,PAGAMENTO POS CARTA *4523 LIDL MILANO VIA PADOVA,,
876bc78da84a3a0700cd2d6d75214895e5955b6964d27cea8dfb91897be09c06,intesa,intesa,2026-02-27,2026-02-26,-66.16,EUR,PAGAMENTO POS CARTA *4523 LIDL MILANO VIA PADOVA,,
d526de72649e94710adc055f523ecc1fce730f3696c3d87fa65ab38a288b01da,intesa,intesa,2026-02-27,2026-02-27,2466.53,EUR,BONIFICO A VOSTRO FAVORE DA ACME SRL ACCREDITO EMOLUMENTI,,
944858ac0adc17e36b706ec29e709cf552b4d7c666958b39b28b5d93bfdc5082,revolut,revolut_personal_eur,2026-02-27,2026-02-27,-32.36,EUR,Sushi Daily,Restaurants,
26bdf9c3c934c21826a152b9e389d61b6b24d861b2a40251d14e066a3952cee0,trade_republic,trade_republic,2026-02-27,2026-02-27,-69.30,EUR,Carta Esselunga Milano,,
6bbae8f69736aa148d09601f91224e82e6ebc8a85f497f901548711b3eb1535e,revolut,revolut_savings_eur,2026-02-28,2026-02-28,1.48,EUR,Gross interest,Interest,
9a330ad82c95132353f3bcb37e578150513c38918de2277d9de640fbe5f96b14,trade_republic,trade_republic,2026-02-28,2026-02-28,2.40,EUR,Interessi Interessi maturati sulla liquidita,,
d71b00db9b7084b79fa602a7e8814bb70d3c482596287f8188783c7e55efc512,intesa,intesa,2026-03-01,2026-03-01,-850.00,EUR,BONIFICO SEPA A ROSSI IMMOBILIARE CANONE LOCAZIONE,,
647dc2537ee33bb18a4fb6f62efb51b6525d82b3ef3a2cdde9c756b257296195,intesa,intesa,2026-03-04,2026-03-03,-400.00,EUR,BONIFICO EUROPEO SEPA DISPOSTO A FAVORE DI T.R. BANK GMBH BERLINO,,
1c5caae1f88f4ccbc8d157ee494821edcecabf1b61f22737aa77c8db47a98f6e,revolut,revolut_personal_eur,2026-03-04,2026-03-04,-16.69,EUR,Carrefour Express,Groceries,
1d3c0c60e2d33b859723ef3736c32c10cec833a76087d78dd2fd7e2672c94263,trade_republic,trade_republic,2026-03-04,2026-03-04,400.00,EUR,Bonifico Accredito bonifico da Mario Bianchi,,
2656a6bcf1e29c4257633f59ebb340c25c3dc91d68037c6f42fc8179ee103031,intesa,intesa,2026-03-05,2026-03-05,-300.00,EUR,PAGAMENTO POS CARTA *4523 RICARICA CARTA DUBLINO IRL,,
0a0bc8b78a79e5ef8cd3065b5a40a0d04dbf341cfb419672d984e155e5944f3f,revolut,revolut_personal_eur,2026-03-06,2026-03-06,300.00,EUR,Top-Up by *4523,Transfers,
6a82f1d017014a0161d0aec0537a2f4e5be79e8f49752c03a44ba051d8e445fa,intesa,intesa,2026-03-07,2026-03-05,-88.10,EUR,PAGAMENTO POS CARTA *4523 CARREFOUR MARKET MILANO,,
411e998fd6b0a049efe98d1fdeb780a8220a48acf22a6ca7e6004c6a58c96920,revolut,revolut_joint_eur,2026-03-07,2026-03-07,-28.13,EUR,Penny Market,Groceries,
4b829417eb3f07b507341cc0d9843aa6492faa51e6574f36bbaac3db6a1f0a58,revolut,revolut_personal_eur,2026-03-07,2026-03-07,-40.92,EUR,Sushi Daily,Restaurants,
bbd4316f33e8124eaf716338897ccb5828d92c31d55fdd083377199f6d2940ab,trade_republic,trade_republic,2026-03-09,2026-03-09,-501.00,EUR,Acquisto Acquisto ETF IE00B3RBWM25 FTSE All-World,,
d1f86110a7d9bd75a4549a6575629c2b49136802d402c8832f5c6e2800e41692,revolut,revolut_personal_eur,2026-03-11,2026-03-11,-2.20,EUR,ATM Milano,Transport,
d46cd3ac89c863d6b8d58fba363551fdf571e15f9d92c8abc7c634a0f727a293,revolut,revolut_personal_eur,2026-03-11,2026-03-11,-44.90,EUR,Carrefour Express,Groceries,
1f45f3578f203b37663c4a49b77aaa63e7aa84cd3b1db8e28453cce82523532a,revolut,revolut_personal_eur,2026-03-12,2026-03-12,-2.20,EUR,ATM Milano,Transport,
ea81804f59b90e29d1a946003c44a519edbad7a20b16c830dd9b70c57e91c8ef,revolut,revolut_personal_eur,2026-03-14,2026-03-14,-12.99,EUR,Netflix.com,Entertainment,
360ce6cf897bc008011aab0d9f8d4b08548741f99ef1fb00f7c16706ea832944,revolut,revolut_crypto,2026-03-15,2026-03-15,150.00,EUR,Crypto sale BTC,Crypto,
79699e3967d7bb1a9c54116f3a45cd3df631958aecbf91dfe73ffae871e6310d,revolut,revolut_personal_eur,2026-03-15,2026-03-15,-54.00,EUR,Pizzeria Spontini,Restaurants,
af35d33c5ecbd874b3d8728f2d071a8de1eb1f56819f8252c9e8737af8a3c5a4,trade_republic,trade_republic,2026-03-15,2026-03-15,-200.00,EUR,Risparmio Acquisto ETF IE00B4L5Y983 Core MSCI World,,
8427b445bf28bf47e93d1d84a8a351925347afd8abec83e355cd5418a32c5f36,intesa,intesa,2026-03-16,2026-03-16,-200.00,EUR,PRELIEVO CARTA DEBITO SU ATM MILANO VIA MANZONI,,
e30fb0245b873f20977a9c9be8d34c55f2809da131059656518f401317844abf,intesa,intesa,2026-03-16,2026-03-16,-29.90,EUR,ADDEBITO SDD TIM SPA TELEFONO FISSO E FIBRA,,
c16a41862d098831b5d887e3019c69d9e7c644a5766f6ed53ab10102de71bf9c,revolut,revolut_personal_eur,2026-03-16,2026-03-16,-21.55,EUR,To Giulia Verdi,Transfers,
faf1e21f57c52efaad2c280121e1e082693e4a946239fd4f4d7bb989f3ab5f52,intesa,intesa,2026-03-18,2026-03-18,-63.01,EUR,PAGAMENTO POS CARTA *4523 Q8 MILANO V.LE MONZA,,
09ad32ec15d18dc2182c9fb560a80d358a3199223c9cc2cc76ca2cb3ec5b4060,intesa,intesa,2026-03-20,2026-03-20,-84.97,EUR,PAGAMENTO POS CARTA *4523 LIDL MILANO VIA PADOVA,,
d34402f31c05a3bb66b7471ca553e879576a579c1998fb2759f9691f3a7dba94,revolut,revolut_joint_eur,2026-03-20,2026-03-20,-25.73,EUR,IKEA Carugate,Shopping,
7966e27e3090c3523bcea5b474929ab319549c5579c527f65b7a1626db0bf2cb,revolut,revolut_personal_eur,2026-03-20,2026-03-20,-10.99,EUR,Spotify,Entertainment,
03eea6528883fee35d333b21bce2c9fd2511cfc00eced88ca3cebeb39616fb2a,intesa,intesa,2026-03-21,2026-03-21,-20.78,EUR,PAGAMENTO POS CARTA *4523 FARMACIA CENTRALE MILANO,,
9498f1ad8ce27f03c47a924c64c6ec6ba1d1557d6423c94e6d56e1011a42d464,revolut,revolut_joint_eur,2026-03-21,2026-03-21,-66.24,EUR,IKEA Carugate,Shopping,
e9c03031cad19ba3de6c725240f549f6e359b5977f7be39cd63cc8e6119974c8,trade_republic,trade_republic,2026-03-23,2026-03-23,-64.07,EUR,Carta Esselunga Milano,,
6dc9b81148127a8c24ab78f30f2743687a949833b49a336e425a5ade8ac30d7c,revolut,revolut_personal_eur,2026-03-24,2026-03-24,-49.14,EUR,Bar Luce,Cafes,
aedd43f45e374ac1275c61f5cd732b5036a1bb03c143480079fc638c43046f5d,intesa,intesa,2026-03-25,2026-03-25,-29.42,EUR,PAGAMENTO POS CARTA *4523 PIZZERIA BELLA NAPOLI MILANO,,
79336d10f2f5bf42abb970852d33f0f739bafecda7c745c7bc0865c6ff4894ff,intesa,intesa,2026-03-25,2026-03-25,-49.57,EUR,PAGAMENTO POS CARTA *4523 ESSELUNGA MILANO,,
fa579da0a4cf84e83b5cd53a34f7e0ccc34fcce858e9f2a84c9bdbdbfb8ed4cf,intesa,intesa,2026-03-26,2026-03-26,-50.06,EUR,PAGAMENTO POS CARTA *4523 AMAZON EU LUXEMBOURG,,
78a857bea6a94c039b7a9ae37f4fe1b1ad6059c176ffc060b692b5213378b3f6,intesa,intesa,2026-03-27,2026-03-27,2488.59,EUR,BONIFICO A VOSTRO FAVORE DA ACME SRL ACCREDITO EMOLUMENTI,,
ba85491209d41555353be36243e5e4348b6ffe2978d94d3cdd0d1add0e557681,trade_republic,trade_republic,2026-03-27,2026-03-27,-10.56,EUR,Carta Amazon EU,,
312577150110864111263b5f3b1c17c45dea7ffe2e3d07a3aa5cf1a92974b13b,revolut,revolut_savings_eur,2026-03-28,2026-03-28,1.47,EUR,Gross interest,Interest,
616f05411aa8921610b32669166a7f331559dc691e50d51f49d1d82f5e2acf48,trade_republic,trade_republic,2026-03-28,2026-03-28,1.52,EUR,Interessi Interessi maturati sulla liquidita,,
cb2a1238e6151ba158e03e64833d658608e83d58322099d647de39c6e0578f16,intesa,intesa,2026-04-01,2026-04-01,-850.00,EUR,BONIFICO SEPA A ROSSI IMMOBILIARE CANONE LOCAZIONE,,
3b43c8e685c75907fe5d8de8f17729fed7c97df5a1e089bb8b93a60e4bf24886,intesa,intesa,2026-04-04,2026-04-03,-400.00,EUR,BONIFICO EUROPEO SEPA DISPOSTO A FAVORE DI T.R. BANK GMBH BERLINO,,
98f02c0caeec2502b3a7bdbab6ece36955a1627c272631cd7f29db55edf54d31,trade_republic,trade_republic,2026-04-04,2026-04-04,400.00,EUR,Bonifico Accredito bonifico da Mario Bianchi,,
ca4bd2f5b58ae56ea0380a7fb0699b7a42a3d512202aa25d36f1352a07102e7e,intesa,intesa,2026-04-05,2026-04-05,-300.00,EUR,PAGAMENTO POS CARTA *4523 RICARICA CARTA DUBLINO IRL,,
51604b8cc8c19335745e42be95d04ad5316456ed53f690e2f2bc63dea2884cdb,intesa,intesa,2026-04-05,2026-04-05,-47.37,EUR,PAGAMENTO POS CARTA *4523 CARREFOUR MARKET MILANO,,
e4ac1e398fbdaf05be834e8c729fe25f14ea7698a3a69013dec869ab6ce0d567,revolut,revolut_personal_eur,2026-04-06,2026-04-06,300.00,EUR,Top-Up by *4523,Transfers,
7cd14ac043a5f81667cb5c94cc6de28277d264be853821851e6dd6c05f5fa527,revolut,revolut_joint_eur,2026-04-07,2026-04-07,-34.27,EUR,Carrefour Express,Groceries,
c5946b6d868b68e3b08f3f0163db462088dae75ab9f2cfa863a660264217971c,revolut,revolut_personal_eur,2026-04-07,2026-04-07,-2.20,EUR,Trenord,Transport,
d8a754f1f63d8baa52158a1a4771a1b711eed41cc6f83e20d577bb0378e70888,intesa,intesa,2026-04-09,2026-04-09,-59.35,EUR,PAGAMENTO POS CARTA *4523 AMAZON EU LUXEMBOURG,,
834c20d77ac84ecd0bf6be2aa2080cac0ef3da96037f15a6cc2aa52fc243ce4c,intesa,intesa,2026-04-11,2026-04-11,-94.95,EUR,PAGAMENTO POS CARTA *4523 CARREFOUR MARKET MILANO,,
d7e782380b5ea2f310ec9fb65c47a6cf9900faa8c1c7f1fa2b11176c61af6916,intesa,intesa,2026-04-12,2026-04-12,-57.95,EUR,ADDEBITO SDD ENEL ENERGIA SPA FORNITURA ENERGIA ELETTRICA,,
7c682c30fbb3faa174fe01fb8a5940dcd4af71ae2c2628db1d12c7913d1d815b,intesa,intesa,2026-04-12,2026-04-11,-71.15,EUR,PAGAMENTO POS CARTA *4523 LIDL MILANO VIA PADOVA,,
3b5b3a233a3cd1e834ad10c77647496759dd7be9e7123f5975e41db58cf8e61a,revolut,revolut_personal_eur,2026-04-12,2026-04-12,-2.20,EUR,Trenord,Transport,
82ddef55cce643deb80734f70bbd9bfc0125d45a9eeb71bf6f4d4e5abb7ea1e6,revolut,revolut_personal_eur,2026-04-13,2026-04-13,-42.69,EUR,Bar Luce,Cafes,
7506bce8217ab0438143ddc10a2606663e2e3b9ac7ee081c804ec11a2dd6e5b3,revolut,revolut_personal_eur,2026-04-14,2026-04-14,-12.99,EUR,Netflix.com,Entertainment,
c9f429f9599205286fd88ab859be7d5bbfb968e98c5adfb5c4632a7542f9e2b4,trade_republic,trade_republic,2026-04-14,2026-04-14,-53.45,EUR,Carta Amazon EU,,
5158ccd67847f594e7beef74db04fa568db4894497e00d1fa6990420cf43f438,trade_republic,trade_republic,2026-04-15,2026-04-15,-200.00,EUR,Risparmio Acquisto ETF IE00B4L5Y983 Core MSCI World,,
321d6b5d828d92c8c42d081372c25e208785b42eb441f20e933c98f669788002,intesa,intesa,2026-04-16,2026-04-16,-29.90,EUR,ADDEBITO SDD TIM SPA TELEFONO FISSO E FIBRA,,
e8834a83229d2876dd286823579341f6f04a0e3d2ab4e09a273f4e317f7268b7,intesa,intesa,2026-04-20,2026-04-20,-94.44,EUR,PAGAMENTO POS CARTA *4523 CARREFOUR MARKET MILANO,,
09d33a5c329ad859f5d68d50cf6f01c5a8a8e61379a22a25a799069d3b5d549a,revolut,revolut_personal_eur,2026-04-20,2026-04-20,-10.99,EUR,Spotify,Entertainment,
e81f2c32750cf5626b9056969c92f1d0df11d6e3c4932f4bca61c2fa8978f824,revolut,revolut_personal_eur,2026-04-20,2026-04-20,-54.44,EUR,To Giulia Verdi,Transfers,
76c771013d66536abf412017011b080ef8378e99895b202779540f24d44f6207,intesa,intesa,2026-04-21,2026-04-21,-150.00,EUR,PRELIEVO CARTA DEBITO SU ATM MILANO VIA MANZONI,,
ac417fe1bbc1106f8e203cd3a6821a9ecbb1a4ce86c3e011c61657b29b9e902c,intesa,intesa,2026-04-21,2026-04-21,-65.68,EUR,PAGAMENTO POS CARTA *4523 Q8 MILANO V.LE MONZA,,
200f2e6aa64d6c517aa58675a7f60ade60c351ee888b6da3a1bea36442e49105,revolut,revolut_personal_eur,2026-04-22,2026-04-22,-15.03,EUR,Lidl,Groceries,
607773d18f2e536bd83771f877d35bc6e69e42851e9ee7a463ee8998233f5424,revolut,revolut_personal_eur,2026-04-22,2026-04-22,-38.73,EUR,Pizzeria Spontini,Restaurants,
de46a2317cf59283a2ab58c377430f0ff7f64a5be8ee01350abd954b0f035cd2,revolut,revolut_personal_eur,2026-04-23,2026-04-23,-35.96,EUR,Penny Market,Groceries,
fb892f30f82ca5ee8a3dffdc510c0f931ee9a3d902bcf5d7c8f80ee625c86336,revolut,revolut_personal_eur,2026-04-23,2026-04-23,-39.02,EUR,Carrefour Express,Groceries,
f09b48e64eefd0a32fd9d3508769511c0af9ea45d2f364c3c20f62e7d3f9ff53,intesa,intesa,2026-04-24,2026-04-24,-50.67,EUR,PAGAMENTO POS CARTA *4523 Q8 MILANO V.LE MONZA,,
80e3206639b14999db7cf68a16e21d070470ec2c8339a5fc6505102097bc99fd,intesa,intesa,2026-04-27,2026-04-27,2471.86,EUR,BONIFICO A VOSTRO FAVORE DA ACME SRL ACCREDITO EMOLUMENTI,,
7e5c9084fb5ceedf936cb1c5ea0fc24c81be9e83560a845022bc00ef523bb4d2,revolut,revolut_joint_eur,2026-04-27,2026-04-27,-23.64,EUR,Carrefour Express,Groceries,
7255b8a9b37ab0b05a0bf1178fe629c8b1c5d9e1764109a217d6fced7c513a28,revolut,revolut_joint_eur,2026-04-27,2026-04-27,-37.14,EUR,IKEA Carugate,Shopping,
098626865c1e33a5698fad6e11a6884a2523f90b42e2ad68420df102feb7953d,revolut,revolut_personal_eur,2026-04-27,2026-04-27,-29.28,EUR,Sushi Daily,Restaurants,
4dc1549245ea193ef3b42fade682458991692abd82e3822377f5da5da616b681,revolut,revolut_savings_eur,2026-04-28,2026-04-28,1.92,EUR,Gross interest,Interest,
3596052bf113490a33f4fc93415810e726d780da2f7bedc9e7d46d20c1c37c41,trade_republic,trade_republic,2026-04-28,2026-04-28,1.37,EUR,Interessi Interessi maturati sulla liquidita,,
1c8bffb8160a4a7a758aa23f4cb697506b0e7d47e805caafeb0225697b6a05c7,intesa,intesa,2026-05-01,2026-05-01,-850.00,EUR,BONIFICO SEPA A ROSSI IMMOBILIARE CANONE LOCAZIONE,,
f8a973fcde346d4e6e57c51df81921436feaee359bab5019ab431720fab8f3bd,revolut,revolut_crypto,2026-05-02,2026-05-02,170.00,EUR,Crypto sale ETH,Crypto,
d2331274482403939ca5def5135eda5fea61e8543cdce806956f3975216a7c83,revolut,revolut_joint_eur,2026-05-03,2026-05-03,-74.01,EUR,Lidl,Groceries,
4fd382734c6b1e39e4f16c43e4dbdae0369e1de791617c0dbca1a5e08299645c,revolut,revolut_personal_eur,2026-05-03,2026-05-03,-2.20,EUR,Trenord,Transport,
6e19be88ee35cddc5558c153bc7d22641d93e68e327df02ecb98991194abddd5,intesa,intesa,2026-05-04,2026-05-03,-400.00,EUR,BONIFICO EUROPEO SEPA DISPOSTO A FAVORE DI T.R. BANK GMBH BERLINO,,
242ea4aa0a8aa9be414c13a6a9acc2ca5cf609465907ce9cf70a266cbd947a94,intesa,intesa,2026-05-04,2026-05-02,-86.09,EUR,PAGAMENTO POS CARTA *4523 CARREFOUR MARKET MILANO,,
bcc0f3f5029ac21993f905a0dd06f75d4e9ab27be436656b513cb06e46d6712a,trade_republic,trade_republic,2026-05-04,2026-05-04,400.00,EUR,Bonifico Accredito bonifico da Mario Bianchi,,
fbb411294590b7fecd1a2b14d7371212cee78d32c9f457002d59d3375e9915c8,intesa,intesa,2026-05-05,2026-05-04,-19.07,EUR,PAGAMENTO POS CARTA *4523 CARREFOUR MARKET MILANO,,
6c8cec819e7d54e5028d7a7db1933ad407916b505fbdaf7785ab7772ae9d546e,intesa,intesa,2026-05-05,2026-05-05,-300.00,EUR,PAGAMENTO POS CARTA *4523 RICARICA CARTA DUBLINO IRL,,
24b6d7f308ddf6f28668fc6e9fa850109fc25dd3ca40ed4f4be65cc23896f1d8,intesa,intesa,2026-05-06,2026-05-05,-46.38,EUR,PAGAMENTO POS CARTA *4523 LIDL MILANO VIA PADOVA,,
f67f6c7fbd73e867843e477ace566d9c5aedef7224121287f7319fb95ad3b5b3,intesa,intesa,2026-05-06,2026-05-06,-77.04,EUR,PAGAMENTO POS CARTA *4523 RISTORANTE DA GINO MILANO,,
9bfc7dd82f8aff26aba41cf38fc81683ec567e1ad907658e7299df5bac86050b,revolut,revolut_joint_eur,2026-05-06,2026-05-06,-74.02,EUR,Penny Market,Groceries,
61afbf38597f12b85ea8f17d8e11c616302ed9074a41ffa615a28d06c31c0aa6,revolut,revolut_personal_eur,2026-05-06,2026-05-06,300.00,EUR,Top-Up by *4523,Transfers,
01de0b30810a397289b669391f49a6ca80ff686c89e0f2a73242f654fbdac785,revolut,revolut_personal_eur,2026-05-09,2026-05-09,-58.57,EUR,To Giulia Verdi,Transfers,
a19cf24530a319544750d4b02c24e0c3f3f188251abffba246719459ac4e120a,trade_republic,trade_republic,2026-05-09,2026-05-09,-22.96,EUR,Carta Amazon EU,,
1ebe7a3bcf1784c990d25742ce408eeb2ecf32f5fcc5055bd08c56a821ffef0a,intesa,intesa,2026-05-13,2026-05-13,-200.00,EUR,PRELIEVO CARTA DEBITO SU ATM MILANO VIA MANZONI,,
57e2c23066e58d11bdda14f2b2717642b3b4df10dca0db80d1694a427ade068e,intesa,intesa,2026-05-13,2026-05-13,-69.96,EUR,PAGAMENTO POS CARTA *4523 LIDL MILANO VIA PADOVA,,
10c170dbd40c1bd9ebf189121639f8ca6780d72ccd5a946ebcce51bda9cc459d,revolut,revolut_personal_eur,2026-05-14,2026-05-14,-12.99,EUR,Netflix.com,Entertainment,
bf4754a7925a8a07716223d0cbef8e652f404d888516bdf305df1ed7c2aa183a,trade_republic,trade_republic,2026-05-15,2026-05-15,-200.00,EUR,Risparmio Acquisto ETF IE00B4L5Y983 Core MSCI World,,
6ecc966d6d0a3638f7eb443d1de2526d4797d58975a9716da04cbd0392521680,intesa,intesa,2026-05-16,2026-05-16,-29.90,EUR,ADDEBITO SDD TIM SPA TELEFONO FISSO E FIBRA,,
161498d89561e92d0f08e53745494c91f37ecaa0b860553db0f72c308feb00e5,intesa,intesa,2026-05-16,2026-05-16,-40.94,EUR,PAGAMENTO POS CARTA *4523 AMAZON EU LUXEMBOURG,,
e8d9fa712b9d7c6eac4a3146eacb784e3720aa81c4e0eb531336871116c3b3f9,revolut,revolut_personal_eur,2026-05-16,2026-05-16,-52.73,EUR,Sushi Daily,Restaurants,
e0896d01bbbd3f456c959ffe06a0f8e7bb035adb5e0f0fa9808a093da838052f,intesa,intesa,2026-05-19,2026-05-19,-12.60,EUR,PAGAMENTO POS CARTA *4523 FARMACIA CENTRALE MILANO,,
4bcc1bc899c58951444da98229dd18b624018d590c22445403b20e19cad248ec,revolut,revolut_personal_eur,2026-05-19,2026-05-19,-2.20,EUR,Trenord,Transport,
01adad2782988c2e8a355d3efd118e30c8eaafe6d8004ed4564388d530803eb6,revolut,revolut_personal_eur,2026-05-20,2026-05-20,-10.99,EUR,Spotify,Entertainment,
3c399a717a17dbe3213d61ccaddfbb0d5a700afe8f92a9e0a185b658fda3b25b,revolut,revolut_personal_eur,2026-05-21,2026-05-21,-23.10,EUR,Penny Market,Groceries,
b7faca9ca98d7d8207613a408c8e3c8e201be874e059cb1e1439f9b4d6064c7d,revolut,revolut_personal_eur,2026-05-22,2026-05-22,-11.66,EUR,Penny Market,Groceries,
7d95705ae873c59ce96ed9182469d4da134811822d6bbd980f894f4c52e4aa43,intesa,intesa,2026-05-23,2026-05-23,-40.02,EUR,PAGAMENTO POS CARTA *4523 Q8 MILANO V.LE MONZA,,
595bfb22e841fd013ac86d118a38c4e71e5886eede36ca7d65cb5744003c8a2a,intesa,intesa,2026-05-23,2026-05-23,-63.01,EUR,PAGAMENTO POS CARTA *4523 LIDL MILANO VIA PADOVA,,
57ca1e56805b17ab5453c60d6fa8ff1418fb084292c9f34e447a5ed3e33738b7,revolut,revolut_joint_eur,2026-05-23,2026-05-23,-30.91,EUR,Lidl,Groceries,
c652492857058b2b54b6e0992724b57b3e9895c71cdcb882865f1dd81be9a9bd,revolut,revolut_personal_eur,2026-05-23,2026-05-23,-2.20,EUR,ATM Milano,Transport,
e2989b144607657eeae705bce3e33c6d11910cd5f5dbb573cc16be87ae865d39,revolut,revolut_personal_eur,2026-05-24,2026-05-24,-26.04,EUR,Pizzeria Spontini,Restaurants,
e2f0a409636b3c8ab1591bf8e6f890dedeb5a7d798c04f97eae928927a8a9dd6,intesa,intesa,2026-05-25,2026-05-25,-47.67,EUR,PAGAMENTO POS CARTA *4523 ENI STATION MILANO EST,,
9d88df0175e2b91e485c865adf930ce14b3355c423a1c9e5238cd47fc4066803,revolut,revolut_personal_eur,2026-05-25,2026-05-25,-34.88,EUR,Carrefour Express,Groceries,
618bfda2214e68bb7cd05084fa4195ffa51f3d75301634b805201adfd4444e3f,intesa,intesa,2026-05-27,2026-05-27,2488.69,EUR,BONIFICO A VOSTRO FAVORE DA ACME SRL ACCREDITO EMOLUMENTI,,
c5a3d448f659b856bde02612b4da41f8325ee9969d453a3def3ad8974785be5c,revolut,revolut_savings_eur,2026-05-28,2026-05-28,1.23,EUR,Gross interest,Interest,
b514ee28cb5d0e92a530d2e4541d655636b5f100d194e3456d2e19dd8e638a99,trade_republic,trade_republic,2026-05-28,2026-05-28,2.29,EUR,Interessi Interessi maturati sulla liquidita,,
fbc908e7d78a64515230a133945b511b39b80d8f9dae02ea0f9c759fd8e53f3d,intesa,intesa,2026-06-01,2026-06-01,-850.00,EUR,BONIFICO SEPA A ROSSI IMMOBILIARE CANONE LOCAZIONE,,
9e99d68ac2e8eb9303a6737e33672c150ae47c3bbc13a91767fe53a60d84d027,revolut,revolut_personal_eur,2026-06-02,2026-06-02,-10.25,EUR,Carrefour Express,Groceries,
7156e86a8f3f19a38fe810e827330e39e95dd6a6d17a7cabd48da880420fec7b,intesa,intesa,2026-06-03,2026-06-03,-75.11,EUR,PAGAMENTO POS CARTA *4523 CARREFOUR MARKET MILANO,,
9cbce25cd4819561ce06a2b79ab67824ef9e73aef29fd60832e06b9b8fdd9fc1,intesa,intesa,2026-06-04,2026-06-03,-400.00,EUR,BONIFICO EUROPEO SEPA DISPOSTO A FAVORE DI T.R. BANK GMBH BERLINO,,
dea7c5860281478708283038ca3f7fc787661e509b90e8b2d62a10d502453e28,revolut,revolut_personal_eur,2026-06-04,2026-06-04,-14.80,EUR,Pizzeria Spontini,Restaurants,
db45394f6690750b347c5f3177310ae4ef54f94fbe0371b481ea28f3035783c3,revolut,revolut_personal_eur,2026-06-04,2026-06-04,-23.82,EUR,Pizzeria Spontini,Restaurants,
3c8352d919fef6b9d4ecd62d0ff9eb45cc4d50454c82ced30ca8a1294de94551,trade_republic,trade_republic,2026-06-04,2026-06-04,400.00,EUR,Bonifico Accredito bonifico da Mario Bianchi,,
74cb12818557d567d561951207da15df725ee46e44945a1a3827d1b9864ce59e,intesa,intesa,2026-06-05,2026-06-05,-300.00,EUR,PAGAMENTO POS CARTA *4523 RICARICA CARTA DUBLINO IRL,,
7f3f092a61dd405aa6117971793886980d82060ba5f79efb2241cd5ce83fadbe,revolut,revolut_personal_eur,2026-06-05,2026-06-05,-2.20,EUR,Trenord,Transport,
ad8f8ff163cf680d9ad9df24182442d27292dc0bb75ee0e362b5cf3eccdf9327,intesa,intesa,2026-06-06,2026-06-06,-45.58,EUR,PAGAMENTO POS CARTA *4523 ESSELUNGA MILANO,,
2e7c4bed7cf3a5269cab70d4e1612d17fd79cba04405f98d691c176138db9d79,revolut,revolut_personal_eur,2026-06-06,2026-06-06,300.00,EUR,Top-Up by *4523,Transfers,
ff68613a407ef5ea74262a7f5870cf08e5cace97e6a610af0a23143ba0167f52,intesa,intesa,2026-06-07,2026-06-07,-200.00,EUR,PRELIEVO CARTA DEBITO SU ATM MILANO VIA MANZONI,,
58aeabee29602e6c9b73c60050fe0ccdcb4857ab82138c999e4b604fee16bb18,trade_republic,trade_republic,2026-06-09,2026-06-09,-501.00,EUR,Acquisto Acquisto ETF IE00B3RBWM25 FTSE All-World,,
9794aa777e4b53205abd0f962e140bbaaef00069f133533303c42e97f86d8be5,intesa,intesa,2026-06-10,2026-06-10,-26.46,EUR,PAGAMENTO POS CARTA *4523 LIDL MILANO VIA PADOVA,,
a7cd2c8bc57f051d6d8937a265fc7ff743f363bd538a930e1d85fcb75c66554a,intesa,intesa,2026-06-10,2026-06-10,-94.04,EUR,PAGAMENTO POS CARTA *4523 ESSELUNGA MILANO,,
5d1ace7ebd1135d73121a00ba2d84978b35c6992b32ca9cfaa27ed53a499b8e6,trade_republic,trade_republic,2026-06-10,2026-06-10,-28.75,EUR,Carta Esselunga Milano,,
99e90b9732d17332119383414e1669aaab7f21da8a0576e36b2b25d187484ce2,intesa,intesa,2026-06-12,2026-06-12,-60.90,EUR,ADDEBITO SDD ENEL ENERGIA SPA FORNITURA ENERGIA ELETTRICA,,
404ecac057702517e02789a00dda76cc68b6d71546c778a49a7f6984451d521c,revolut,revolut_joint_eur,2026-06-12,2026-06-12,-77.06,EUR,IKEA Carugate,Shopping,
e77a7138cacc4f25006da65225f4804686c71fa262371d8b7f5717d8cf5721c6,revolut,revolut_personal_eur,2026-06-14,2026-06-14,-12.99,EUR,Netflix.com,Entertainment,
334ac182c187195e8beb1c658354a2de0f0d9ff2fbb9f7964ae0d26555759252,revolut,revolut_personal_eur,2026-06-14,2026-06-14,-2.20,EUR,Trenord,Transport,
e6413b27a8bad45cdc36e05d88266fb60c1fc36806d3bf92cf93c412c08bc735,revolut,revolut_personal_eur,2026-06-14,2026-06-14,-23.77,EUR,Penny Market,Groceries,
8349c89d53591c57392db2ae8fe272fd1b2627a9995f044c62c7f6cc8192fece,trade_republic,trade_republic,2026-06-15,2026-06-15,-200.00,EUR,Risparmio Acquisto ETF IE00B4L5Y983 Core MSCI World,,
ec8f9e08670a7f9dbd34a5fcf5ddcb5e4d41dab76780ac83af0ffe4fe3201ac5,intesa,intesa,2026-06-16,2026-06-16,-29.90,EUR,ADDEBITO SDD TIM SPA TELEFONO FISSO E FIBRA,,
d7d9e04975f8b9768023b4ee0b3aadb8346b81974c742114906b137beda59dfd,revolut,revolut_joint_eur,2026-06-16,2026-06-16,-81.61,EUR,IKEA Carugate,Shopping,
0dcf6b768d60c1e3640bd64cdbbccc7055f349e79b7b0b7591c401fde87ba862,revolut,revolut_personal_eur,2026-06-16,2026-06-16,-2.20,EUR,Trenord,Transport,
bad8bd1799b1400ca6f9ca8075d8d38daaec13338162b8b643dd3dc2430bed53,revolut,revolut_personal_eur,2026-06-17,2026-06-17,-34.36,EUR,Lidl,Groceries,
9ac8ec5357005d0fd78202760f813b4ad6b069389c41ef4fb1859a9236f3dd83,intesa,intesa,2026-06-18,2026-06-18,-52.34,EUR,PAGAMENTO POS CARTA *4523 Q8 MILANO V.LE MONZA,,
300b129404e2a35e04f6011b89e4918e24331fedab3ad0e0c4fdb36df91f7c47,intesa,intesa,2026-06-19,2026-06-19,-52.71,EUR,PAGAMENTO POS CARTA *4523 RISTORANTE DA GINO MILANO,,
a52811999f37caf39fa6b50c49587922a6b23b7e9470b61a5b6ceef7f08cdecc,intesa,intesa,2026-06-20,2026-06-20,-19.22,EUR,PAGAMENTO POS CARTA *4523 ESSELUNGA MILANO,,
48726bb874ffd110f54ea086024f00692c0eb7c37736d75453d78c0e99f83287,revolut,revolut_personal_eur,2026-06-20,2026-06-20,-10.99,EUR,Spotify,Entertainment,
c66e22f1c3ae66051aa41ace119d2debe8a241694f72c0f7652801ed0e151e4a,revolut,revolut_personal_eur,2026-06-22,2026-06-22,-2.20,EUR,ATM Milano,Transport,
1b898333f4d0d5d6144a1729b740b3a5fd81089286e4107ff126a1e9d3bfcded,intesa,intesa,2026-06-23,2026-06-23,-52.67,EUR,PAGAMENTO POS CARTA *4523 AMAZON EU LUXEMBOURG,,
b58fa86522d367829ee22a1aecddb27495afb2dd1a4beaf476eb7189dead57c9,trade_republic,trade_republic,2026-06-23,2026-06-23,-67.22,EUR,Carta Esselunga Milano,,
fa27fdf7d19e4d9b00d8c3a6b59deeb1ee240d4d7ba6e3c22480542182148834,intesa,intesa,2026-06-27,2026-06-27,2463.14,EUR,BONIFICO A VOSTRO FAVORE DA ACME SRL ACCREDITO EMOLUMENTI,,
0c7cbf3d02bea84a3aeb56f314b902cecbbd0b5fef7bc6f8e506b0de015899cf,revolut,revolut_savings_eur,2026-06-28,2026-06-28,1.41,EUR,Gross interest,Interest,
5b671764a0ff2091b3c35592e5c51526287a12550a45731265ab484eacff730c,trade_republic,trade_republic,2026-06-28,2026-06-28,2.15,EUR,Interessi Interessi maturati sulla liquidita,,
